{"v":"5.7.4","fr":30,"ip":0,"op":615,"w":1920,"h":1080,"nm":"SCROLL_V2","ddd":0,"assets":[{"id":"image_0","w":2500,"h":1900,"u":"http://cms.mackaygoodwin.com.au/wp-content/uploads/2022/03/","p":"img_0.jpg","e":0},{"id":"image_1","w":5500,"h":3667,"u":"http://cms.mackaygoodwin.com.au/wp-content/uploads/2022/03/","p":"img_1.jpg","e":0},{"id":"image_2","w":3000,"h":2249,"u":"http://cms.mackaygoodwin.com.au/wp-content/uploads/2022/03/","p":"img_2.jpg","e":0},{"id":"image_3","w":3000,"h":2249,"u":"images/","p":"img_3.jpg","e":0},{"id":"comp_0","layers":[{"ddd":0,"ind":1,"ty":3,"nm":"Null 3","sr":1,"ks":{"o":{"a":0,"k":0,"ix":11},"r":{"a":0,"k":0,"ix":10},"p":{"a":1,"k":[{"i":{"x":0.18,"y":1},"o":{"x":0.82,"y":0},"t":0,"s":[1592,580,0],"to":[-105.333,0,0],"ti":[240.833,0,0]},{"i":{"x":0.18,"y":1},"o":{"x":0.82,"y":0},"t":60,"s":[960,580,0],"to":[-240.833,0,0],"ti":[299,0,0]},{"i":{"x":0.18,"y":1},"o":{"x":0.82,"y":0},"t":120,"s":[147,580,0],"to":[-299,0,0],"ti":[306.333,0,0]},{"i":{"x":0.18,"y":1},"o":{"x":0.82,"y":0},"t":180,"s":[-834,580,0],"to":[-306.333,0,0],"ti":[142.833,0,0]},{"t":240,"s":[-1691,580,0]}],"ix":2,"l":2},"a":{"a":0,"k":[0,0,0],"ix":1,"l":2},"s":{"a":0,"k":[125,125,100],"ix":6,"l":2}},"ao":0,"ip":0,"op":615,"st":0,"bm":0},{"ddd":0,"ind":2,"ty":4,"nm":"Shape Layer 13","parent":1,"td":1,"sr":1,"ks":{"o":{"a":0,"k":100,"ix":11},"r":{"a":0,"k":0,"ix":10},"p":{"a":0,"k":[1670.589,85,0],"ix":2,"l":2},"a":{"a":0,"k":[960,1048,0],"ix":1,"l":2},"s":{"a":1,"k":[{"i":{"x":[0.18,0.18,0.18],"y":[1,1,1]},"o":{"x":[0.82,0.82,0.82],"y":[0,0,0]},"t":120,"s":[20,20,100]},{"i":{"x":[0.18,0.18,0.18],"y":[1,1,1]},"o":{"x":[0.82,0.82,0.82],"y":[0,0,0]},"t":180,"s":[40.534,29.884,100]},{"t":240,"s":[20,20,100]}],"ix":6,"l":2}},"ao":0,"shapes":[{"ty":"gr","it":[{"ty":"rc","d":1,"s":{"a":0,"k":[1324,1324],"ix":2},"p":{"a":0,"k":[0,0],"ix":3},"r":{"a":0,"k":0,"ix":4},"nm":"Rectangle Path 1","mn":"ADBE Vector Shape - Rect","hd":false},{"ty":"st","c":{"a":0,"k":[0,0,0,1],"ix":3},"o":{"a":0,"k":100,"ix":4},"w":{"a":0,"k":0,"ix":5},"lc":1,"lj":1,"ml":4,"bm":0,"nm":"Stroke 1","mn":"ADBE Vector Graphic - Stroke","hd":false},{"ty":"fl","c":{"a":0,"k":[0.109803921569,0.36862745098,0.282352941176,1],"ix":4},"o":{"a":0,"k":100,"ix":5},"r":1,"bm":0,"nm":"Fill 1","mn":"ADBE Vector Graphic - Fill","hd":false},{"ty":"tr","p":{"a":0,"k":[298,386],"ix":2},"a":{"a":0,"k":[0,0],"ix":1},"s":{"a":0,"k":[100,100],"ix":3},"r":{"a":0,"k":0,"ix":6},"o":{"a":0,"k":100,"ix":7},"sk":{"a":0,"k":0,"ix":4},"sa":{"a":0,"k":0,"ix":5},"nm":"Transform"}],"nm":"Rectangle 1","np":3,"cix":2,"bm":0,"ix":1,"mn":"ADBE Vector Group","hd":false}],"ip":0,"op":241,"st":120,"bm":0},{"ddd":0,"ind":3,"ty":4,"nm":"Shape Layer 12","parent":1,"tt":1,"sr":1,"ks":{"o":{"a":0,"k":100,"ix":11},"r":{"a":0,"k":0,"ix":10},"p":{"a":0,"k":[1252.754,-231,0],"ix":2,"l":2},"a":{"a":0,"k":[-364,-276,0],"ix":1,"l":2},"s":{"a":1,"k":[{"i":{"x":[0.18,0.18,0.18],"y":[1,1,1]},"o":{"x":[0.82,0.82,0.82],"y":[0,0,0]},"t":120,"s":[20,20,100]},{"i":{"x":[0.18,0.18,0.18],"y":[1,1,1]},"o":{"x":[0.82,0.82,0.82],"y":[0,0,0]},"t":180,"s":[40.785,45.619,100]},{"t":240,"s":[20,20,100]}],"ix":6,"l":2}},"ao":0,"shapes":[{"ty":"gr","it":[{"ty":"rc","d":1,"s":{"a":0,"k":[1324,1324],"ix":2},"p":{"a":0,"k":[0,0],"ix":3},"r":{"a":0,"k":0,"ix":4},"nm":"Rectangle Path 1","mn":"ADBE Vector Shape - Rect","hd":false},{"ty":"st","c":{"a":0,"k":[0,0,0,1],"ix":3},"o":{"a":0,"k":100,"ix":4},"w":{"a":0,"k":0,"ix":5},"lc":1,"lj":1,"ml":4,"bm":0,"nm":"Stroke 1","mn":"ADBE Vector Graphic - Stroke","hd":false},{"ty":"fl","c":{"a":0,"k":[0.921568627451,0.913725490196,0.870588235294,1],"ix":4},"o":{"a":0,"k":100,"ix":5},"r":1,"bm":0,"nm":"Fill 1","mn":"ADBE Vector Graphic - Fill","hd":false},{"ty":"tr","p":{"a":0,"k":[298,386],"ix":2},"a":{"a":0,"k":[0,0],"ix":1},"s":{"a":0,"k":[100,100],"ix":3},"r":{"a":0,"k":0,"ix":6},"o":{"a":0,"k":100,"ix":7},"sk":{"a":0,"k":0,"ix":4},"sa":{"a":0,"k":0,"ix":5},"nm":"Transform"}],"nm":"Rectangle 1","np":3,"cix":2,"bm":0,"ix":1,"mn":"ADBE Vector Group","hd":false}],"ip":0,"op":241,"st":120,"bm":0},{"ddd":0,"ind":4,"ty":4,"nm":"Shape Layer 11","parent":1,"td":1,"sr":1,"ks":{"o":{"a":0,"k":100,"ix":11},"r":{"a":0,"k":0,"ix":10},"p":{"a":0,"k":[569.919,85,0],"ix":2,"l":2},"a":{"a":0,"k":[-364,1048,0],"ix":1,"l":2},"s":{"a":1,"k":[{"i":{"x":[0.18,0.18,0.18],"y":[1,1,1]},"o":{"x":[0.82,0.82,0.82],"y":[0,0,0]},"t":60,"s":[20,20,100]},{"i":{"x":[0.18,0.18,0.18],"y":[1,1,1]},"o":{"x":[0.82,0.82,0.82],"y":[0,0,0]},"t":120,"s":[37.966,29.884,100]},{"t":180,"s":[20,20,100]}],"ix":6,"l":2}},"ao":0,"shapes":[{"ty":"gr","it":[{"ty":"rc","d":1,"s":{"a":0,"k":[1324,1324],"ix":2},"p":{"a":0,"k":[0,0],"ix":3},"r":{"a":0,"k":0,"ix":4},"nm":"Rectangle Path 1","mn":"ADBE Vector Shape - Rect","hd":false},{"ty":"st","c":{"a":0,"k":[0,0,0,1],"ix":3},"o":{"a":0,"k":100,"ix":4},"w":{"a":0,"k":0,"ix":5},"lc":1,"lj":1,"ml":4,"bm":0,"nm":"Stroke 1","mn":"ADBE Vector Graphic - Stroke","hd":false},{"ty":"fl","c":{"a":0,"k":[0.858823529412,0.992156862745,0.564705882353,1],"ix":4},"o":{"a":0,"k":100,"ix":5},"r":1,"bm":0,"nm":"Fill 1","mn":"ADBE Vector Graphic - Fill","hd":false},{"ty":"tr","p":{"a":0,"k":[298,386],"ix":2},"a":{"a":0,"k":[0,0],"ix":1},"s":{"a":0,"k":[100,100],"ix":3},"r":{"a":0,"k":0,"ix":6},"o":{"a":0,"k":100,"ix":7},"sk":{"a":0,"k":0,"ix":4},"sa":{"a":0,"k":0,"ix":5},"nm":"Transform"}],"nm":"Rectangle 1","np":3,"cix":2,"bm":0,"ix":1,"mn":"ADBE Vector Group","hd":false}],"ip":0,"op":241,"st":60,"bm":0},{"ddd":0,"ind":5,"ty":4,"nm":"Shape Layer 10","parent":1,"tt":1,"sr":1,"ks":{"o":{"a":0,"k":100,"ix":11},"r":{"a":0,"k":0,"ix":10},"p":{"a":0,"k":[992.754,-231,0],"ix":2,"l":2},"a":{"a":0,"k":[960,-276,0],"ix":1,"l":2},"s":{"a":1,"k":[{"i":{"x":[0.18,0.18,0.18],"y":[1,1,1]},"o":{"x":[0.82,0.82,0.82],"y":[0,0,0]},"t":60,"s":[20,20,100]},{"i":{"x":[0.18,0.18,0.18],"y":[1,1,1]},"o":{"x":[0.82,0.82,0.82],"y":[0,0,0]},"t":120,"s":[39.577,45.619,100]},{"t":180,"s":[20,20,100]}],"ix":6,"l":2}},"ao":0,"shapes":[{"ty":"gr","it":[{"ty":"rc","d":1,"s":{"a":0,"k":[1324,1324],"ix":2},"p":{"a":0,"k":[0,0],"ix":3},"r":{"a":0,"k":0,"ix":4},"nm":"Rectangle Path 1","mn":"ADBE Vector Shape - Rect","hd":false},{"ty":"st","c":{"a":0,"k":[0,0,0,1],"ix":3},"o":{"a":0,"k":100,"ix":4},"w":{"a":0,"k":0,"ix":5},"lc":1,"lj":1,"ml":4,"bm":0,"nm":"Stroke 1","mn":"ADBE Vector Graphic - Stroke","hd":false},{"ty":"fl","c":{"a":0,"k":[0.878431372549,0.890196078431,0.898039215686,1],"ix":4},"o":{"a":0,"k":100,"ix":5},"r":1,"bm":0,"nm":"Fill 1","mn":"ADBE Vector Graphic - Fill","hd":false},{"ty":"tr","p":{"a":0,"k":[298,386],"ix":2},"a":{"a":0,"k":[0,0],"ix":1},"s":{"a":0,"k":[100,100],"ix":3},"r":{"a":0,"k":0,"ix":6},"o":{"a":0,"k":100,"ix":7},"sk":{"a":0,"k":0,"ix":4},"sa":{"a":0,"k":0,"ix":5},"nm":"Transform"}],"nm":"Rectangle 1","np":3,"cix":2,"bm":0,"ix":1,"mn":"ADBE Vector Group","hd":false}],"ip":0,"op":241,"st":60,"bm":0},{"ddd":0,"ind":6,"ty":4,"nm":"Shape Layer 9","parent":1,"td":1,"sr":1,"ks":{"o":{"a":0,"k":100,"ix":11},"r":{"a":0,"k":0,"ix":10},"p":{"a":0,"k":[245.089,88,0],"ix":2,"l":2},"a":{"a":0,"k":[960,1048,0],"ix":1,"l":2},"s":{"a":1,"k":[{"i":{"x":[0.18,0.18,0.18],"y":[1,1,1]},"o":{"x":[0.82,0.82,0.82],"y":[0,0,0]},"t":0,"s":[20,20,100]},{"i":{"x":[0.18,0.18,0.18],"y":[1,1,1]},"o":{"x":[0.82,0.82,0.82],"y":[0,0,0]},"t":60,"s":[41.44,29.733,100]},{"t":120,"s":[20,20,100]}],"ix":6,"l":2}},"ao":0,"shapes":[{"ty":"gr","it":[{"ty":"rc","d":1,"s":{"a":0,"k":[1324,1324],"ix":2},"p":{"a":0,"k":[0,0],"ix":3},"r":{"a":0,"k":0,"ix":4},"nm":"Rectangle Path 1","mn":"ADBE Vector Shape - Rect","hd":false},{"ty":"st","c":{"a":0,"k":[0,0,0,1],"ix":3},"o":{"a":0,"k":100,"ix":4},"w":{"a":0,"k":0,"ix":5},"lc":1,"lj":1,"ml":4,"bm":0,"nm":"Stroke 1","mn":"ADBE Vector Graphic - Stroke","hd":false},{"ty":"fl","c":{"a":0,"k":[0.878431372549,0.890196078431,0.898039215686,1],"ix":4},"o":{"a":0,"k":100,"ix":5},"r":1,"bm":0,"nm":"Fill 1","mn":"ADBE Vector Graphic - Fill","hd":false},{"ty":"tr","p":{"a":0,"k":[298,386],"ix":2},"a":{"a":0,"k":[0,0],"ix":1},"s":{"a":0,"k":[100,100],"ix":3},"r":{"a":0,"k":0,"ix":6},"o":{"a":0,"k":100,"ix":7},"sk":{"a":0,"k":0,"ix":4},"sa":{"a":0,"k":0,"ix":5},"nm":"Transform"}],"nm":"Rectangle 1","np":3,"cix":2,"bm":0,"ix":1,"mn":"ADBE Vector Group","hd":false}],"ip":0,"op":241,"st":0,"bm":0},{"ddd":0,"ind":7,"ty":4,"nm":"Shape Layer 8","parent":1,"tt":1,"sr":1,"ks":{"o":{"a":0,"k":100,"ix":11},"r":{"a":0,"k":0,"ix":10},"p":{"a":0,"k":[-176.246,-231,0],"ix":2,"l":2},"a":{"a":0,"k":[-364,-276,0],"ix":1,"l":2},"s":{"a":1,"k":[{"i":{"x":[0.18,0.18,0.18],"y":[1,1,1]},"o":{"x":[0.82,0.82,0.82],"y":[0,0,0]},"t":0,"s":[20,20,100]},{"i":{"x":[0.18,0.18,0.18],"y":[1,1,1]},"o":{"x":[0.82,0.82,0.82],"y":[0,0,0]},"t":60,"s":[41.918,45.77,100]},{"t":120,"s":[20,20,100]}],"ix":6,"l":2}},"ao":0,"shapes":[{"ty":"gr","it":[{"ty":"rc","d":1,"s":{"a":0,"k":[1324,1324],"ix":2},"p":{"a":0,"k":[0,0],"ix":3},"r":{"a":0,"k":0,"ix":4},"nm":"Rectangle Path 1","mn":"ADBE Vector Shape - Rect","hd":false},{"ty":"st","c":{"a":0,"k":[0,0,0,1],"ix":3},"o":{"a":0,"k":100,"ix":4},"w":{"a":0,"k":0,"ix":5},"lc":1,"lj":1,"ml":4,"bm":0,"nm":"Stroke 1","mn":"ADBE Vector Graphic - Stroke","hd":false},{"ty":"fl","c":{"a":0,"k":[0.921568627451,0.913725490196,0.870588235294,1],"ix":4},"o":{"a":0,"k":100,"ix":5},"r":1,"bm":0,"nm":"Fill 1","mn":"ADBE Vector Graphic - Fill","hd":false},{"ty":"tr","p":{"a":0,"k":[298,386],"ix":2},"a":{"a":0,"k":[0,0],"ix":1},"s":{"a":0,"k":[100,100],"ix":3},"r":{"a":0,"k":0,"ix":6},"o":{"a":0,"k":100,"ix":7},"sk":{"a":0,"k":0,"ix":4},"sa":{"a":0,"k":0,"ix":5},"nm":"Transform"}],"nm":"Rectangle 1","np":3,"cix":2,"bm":0,"ix":1,"mn":"ADBE Vector Group","hd":false}],"ip":0,"op":241,"st":0,"bm":0}]},{"id":"comp_1","layers":[{"ddd":0,"ind":1,"ty":0,"nm":"Layer 0 copy","refId":"comp_2","sr":1,"ks":{"o":{"a":0,"k":100,"ix":11},"r":{"a":0,"k":0,"ix":10},"p":{"a":0,"k":[1500,1124.5,0],"ix":2,"l":2},"a":{"a":0,"k":[1500,1124.5,0],"ix":1,"l":2},"s":{"a":0,"k":[100,100,100],"ix":6,"l":2}},"ao":0,"w":3000,"h":2249,"ip":0,"op":210,"st":0,"bm":0},{"ddd":0,"ind":2,"ty":2,"nm":"Layer 0","refId":"image_3","sr":1,"ks":{"o":{"a":0,"k":100,"ix":11},"r":{"a":0,"k":0,"ix":10},"p":{"a":0,"k":[1500,1124.5,0],"ix":2,"l":2},"a":{"a":0,"k":[1500,1124.5,0],"ix":1,"l":2},"s":{"a":0,"k":[100,100,100],"ix":6,"l":2}},"ao":0,"ip":0,"op":210,"st":0,"bm":0}]},{"id":"comp_2","layers":[{"ddd":0,"ind":1,"ty":3,"nm":"Hue/Saturation 1","sr":1,"ks":{"o":{"a":0,"k":100,"ix":11},"r":{"a":0,"k":0,"ix":10},"p":{"a":0,"k":[1500,1124.5,0],"ix":2,"l":2},"a":{"a":0,"k":[1500,1124.5,0],"ix":1,"l":2},"s":{"a":0,"k":[100,100,100],"ix":6,"l":2}},"ao":0,"ef":[{"ty":5,"nm":"Hue/Saturation","np":11,"mn":"ADBE HUE SATURATION","ix":1,"en":1,"ef":[{"ty":7,"nm":"Channel Control","mn":"ADBE HUE SATURATION-0002","ix":1,"v":{"a":0,"k":1,"ix":1}},{},{"ty":0,"nm":"Master Hue","mn":"ADBE HUE SATURATION-0004","ix":3,"v":{"a":0,"k":0,"ix":3}},{"ty":0,"nm":"Master Saturation","mn":"ADBE HUE SATURATION-0005","ix":4,"v":{"a":0,"k":0,"ix":4}},{"ty":0,"nm":"Master Lightness","mn":"ADBE HUE SATURATION-0006","ix":5,"v":{"a":0,"k":0,"ix":5}},{"ty":7,"nm":"Colorize","mn":"ADBE HUE SATURATION-0007","ix":6,"v":{"a":0,"k":0,"ix":6}},{"ty":0,"nm":"Colorize Hue","mn":"ADBE HUE SATURATION-0008","ix":7,"v":{"a":0,"k":0,"ix":7}},{"ty":0,"nm":"Colorize Saturation","mn":"ADBE HUE SATURATION-0009","ix":8,"v":{"a":0,"k":25,"ix":8}},{"ty":0,"nm":"Colorize Lightness","mn":"ADBE HUE SATURATION-0010","ix":9,"v":{"a":0,"k":0,"ix":9}}]}],"ip":0,"op":210,"st":0,"bm":0},{"ddd":0,"ind":2,"ty":2,"nm":"Layer 0 copy","refId":"image_2","sr":1,"ks":{"o":{"a":0,"k":100,"ix":11},"r":{"a":0,"k":0,"ix":10},"p":{"a":0,"k":[1500,1124.5,0],"ix":2,"l":2},"a":{"a":0,"k":[1500,1124.5,0],"ix":1,"l":2},"s":{"a":0,"k":[100,100,100],"ix":6,"l":2}},"ao":0,"ip":0,"op":210,"st":0,"bm":0}]},{"id":"comp_3","layers":[{"ddd":0,"ind":1,"ty":3,"nm":"Null 3","sr":1,"ks":{"o":{"a":0,"k":0,"ix":11},"r":{"a":0,"k":0,"ix":10},"p":{"a":1,"k":[{"i":{"x":0.18,"y":1},"o":{"x":0.82,"y":0},"t":0,"s":[1592,580,0],"to":[-105.333,0,0],"ti":[240.833,0,0]},{"i":{"x":0.18,"y":1},"o":{"x":0.82,"y":0},"t":60,"s":[960,580,0],"to":[-240.833,0,0],"ti":[299,0,0]},{"i":{"x":0.18,"y":1},"o":{"x":0.82,"y":0},"t":120,"s":[147,580,0],"to":[-299,0,0],"ti":[306.333,0,0]},{"i":{"x":0.18,"y":1},"o":{"x":0.82,"y":0},"t":180,"s":[-834,580,0],"to":[-306.333,0,0],"ti":[142.833,0,0]},{"t":240,"s":[-1691,580,0]}],"ix":2,"l":2},"a":{"a":0,"k":[0,0,0],"ix":1,"l":2},"s":{"a":0,"k":[125,125,100],"ix":6,"l":2}},"ao":0,"ip":0,"op":615,"st":0,"bm":0},{"ddd":0,"ind":2,"ty":4,"nm":"Shape Layer 10","parent":1,"sr":1,"ks":{"o":{"a":0,"k":100,"ix":11},"r":{"a":0,"k":0,"ix":10},"p":{"a":0,"k":[1252.754,-231,0],"ix":2,"l":2},"a":{"a":0,"k":[-364,-276,0],"ix":1,"l":2},"s":{"a":1,"k":[{"i":{"x":[0.18,0.18,0.18],"y":[1,1,1]},"o":{"x":[0.82,0.82,0.82],"y":[0,0,0]},"t":120,"s":[20,20,100]},{"i":{"x":[0.18,0.18,0.18],"y":[1,1,1]},"o":{"x":[0.82,0.82,0.82],"y":[0,0,0]},"t":180,"s":[40.785,45.619,100]},{"t":240,"s":[20,20,100]}],"ix":6,"l":2}},"ao":0,"shapes":[{"ty":"gr","it":[{"ty":"rc","d":1,"s":{"a":0,"k":[1324,1324],"ix":2},"p":{"a":0,"k":[0,0],"ix":3},"r":{"a":0,"k":0,"ix":4},"nm":"Rectangle Path 1","mn":"ADBE Vector Shape - Rect","hd":false},{"ty":"st","c":{"a":0,"k":[0,0,0,1],"ix":3},"o":{"a":0,"k":100,"ix":4},"w":{"a":0,"k":0,"ix":5},"lc":1,"lj":1,"ml":4,"bm":0,"nm":"Stroke 1","mn":"ADBE Vector Graphic - Stroke","hd":false},{"ty":"fl","c":{"a":0,"k":[0.921568627451,0.913725490196,0.870588235294,1],"ix":4},"o":{"a":0,"k":100,"ix":5},"r":1,"bm":0,"nm":"Fill 1","mn":"ADBE Vector Graphic - Fill","hd":false},{"ty":"tr","p":{"a":0,"k":[298,386],"ix":2},"a":{"a":0,"k":[0,0],"ix":1},"s":{"a":0,"k":[100,100],"ix":3},"r":{"a":0,"k":0,"ix":6},"o":{"a":0,"k":100,"ix":7},"sk":{"a":0,"k":0,"ix":4},"sa":{"a":0,"k":0,"ix":5},"nm":"Transform"}],"nm":"Rectangle 1","np":3,"cix":2,"bm":0,"ix":1,"mn":"ADBE Vector Group","hd":false}],"ip":0,"op":241,"st":120,"bm":0},{"ddd":0,"ind":3,"ty":4,"nm":"Shape Layer 9","parent":1,"sr":1,"ks":{"o":{"a":0,"k":100,"ix":11},"r":{"a":0,"k":0,"ix":10},"p":{"a":0,"k":[992.754,-231,0],"ix":2,"l":2},"a":{"a":0,"k":[960,-276,0],"ix":1,"l":2},"s":{"a":1,"k":[{"i":{"x":[0.18,0.18,0.18],"y":[1,1,1]},"o":{"x":[0.82,0.82,0.82],"y":[0,0,0]},"t":60,"s":[20,20,100]},{"i":{"x":[0.18,0.18,0.18],"y":[1,1,1]},"o":{"x":[0.82,0.82,0.82],"y":[0,0,0]},"t":120,"s":[39.577,45.619,100]},{"t":180,"s":[20,20,100]}],"ix":6,"l":2}},"ao":0,"shapes":[{"ty":"gr","it":[{"ty":"rc","d":1,"s":{"a":0,"k":[1324,1324],"ix":2},"p":{"a":0,"k":[0,0],"ix":3},"r":{"a":0,"k":0,"ix":4},"nm":"Rectangle Path 1","mn":"ADBE Vector Shape - Rect","hd":false},{"ty":"st","c":{"a":0,"k":[0,0,0,1],"ix":3},"o":{"a":0,"k":100,"ix":4},"w":{"a":0,"k":0,"ix":5},"lc":1,"lj":1,"ml":4,"bm":0,"nm":"Stroke 1","mn":"ADBE Vector Graphic - Stroke","hd":false},{"ty":"fl","c":{"a":0,"k":[0.878431372549,0.890196078431,0.898039215686,1],"ix":4},"o":{"a":0,"k":100,"ix":5},"r":1,"bm":0,"nm":"Fill 1","mn":"ADBE Vector Graphic - Fill","hd":false},{"ty":"tr","p":{"a":0,"k":[298,386],"ix":2},"a":{"a":0,"k":[0,0],"ix":1},"s":{"a":0,"k":[100,100],"ix":3},"r":{"a":0,"k":0,"ix":6},"o":{"a":0,"k":100,"ix":7},"sk":{"a":0,"k":0,"ix":4},"sa":{"a":0,"k":0,"ix":5},"nm":"Transform"}],"nm":"Rectangle 1","np":3,"cix":2,"bm":0,"ix":1,"mn":"ADBE Vector Group","hd":false}],"ip":0,"op":241,"st":60,"bm":0},{"ddd":0,"ind":4,"ty":4,"nm":"Shape Layer 8","parent":1,"sr":1,"ks":{"o":{"a":0,"k":100,"ix":11},"r":{"a":0,"k":0,"ix":10},"p":{"a":0,"k":[-176.246,-231,0],"ix":2,"l":2},"a":{"a":0,"k":[-364,-276,0],"ix":1,"l":2},"s":{"a":1,"k":[{"i":{"x":[0.18,0.18,0.18],"y":[1,1,1]},"o":{"x":[0.82,0.82,0.82],"y":[0,0,0]},"t":0,"s":[20,20,100]},{"i":{"x":[0.18,0.18,0.18],"y":[1,1,1]},"o":{"x":[0.82,0.82,0.82],"y":[0,0,0]},"t":60,"s":[41.918,45.77,100]},{"t":120,"s":[20,20,100]}],"ix":6,"l":2}},"ao":0,"shapes":[{"ty":"gr","it":[{"ty":"rc","d":1,"s":{"a":0,"k":[1324,1324],"ix":2},"p":{"a":0,"k":[0,0],"ix":3},"r":{"a":0,"k":0,"ix":4},"nm":"Rectangle Path 1","mn":"ADBE Vector Shape - Rect","hd":false},{"ty":"st","c":{"a":0,"k":[0,0,0,1],"ix":3},"o":{"a":0,"k":100,"ix":4},"w":{"a":0,"k":0,"ix":5},"lc":1,"lj":1,"ml":4,"bm":0,"nm":"Stroke 1","mn":"ADBE Vector Graphic - Stroke","hd":false},{"ty":"fl","c":{"a":0,"k":[0.921568627451,0.913725490196,0.870588235294,1],"ix":4},"o":{"a":0,"k":100,"ix":5},"r":1,"bm":0,"nm":"Fill 1","mn":"ADBE Vector Graphic - Fill","hd":false},{"ty":"tr","p":{"a":0,"k":[298,386],"ix":2},"a":{"a":0,"k":[0,0],"ix":1},"s":{"a":0,"k":[100,100],"ix":3},"r":{"a":0,"k":0,"ix":6},"o":{"a":0,"k":100,"ix":7},"sk":{"a":0,"k":0,"ix":4},"sa":{"a":0,"k":0,"ix":5},"nm":"Transform"}],"nm":"Rectangle 1","np":3,"cix":2,"bm":0,"ix":1,"mn":"ADBE Vector Group","hd":false}],"ip":0,"op":241,"st":0,"bm":0}]}],"fonts":{"list":[{"fName":"RecklessNeueTRIAL-Medium","fFamily":"Reckless Neue TRIAL","fStyle":"Medium","ascent":70.8999633789062},{"fName":"Sohne-LeichtTest","fFamily":"Söhne Test","fStyle":"Leicht","ascent":71.7987060546875}]},"layers":[{"ddd":0,"ind":1,"ty":0,"nm":"Pre-comp 4","td":1,"refId":"comp_0","sr":1,"ks":{"o":{"a":0,"k":100,"ix":11},"r":{"a":0,"k":0,"ix":10},"p":{"a":0,"k":[960,540,0],"ix":2,"l":2},"a":{"a":0,"k":[960,540,0],"ix":1,"l":2},"s":{"a":0,"k":[100,100,100],"ix":6,"l":2}},"ao":0,"w":1920,"h":1080,"ip":0,"op":615,"st":0,"bm":0},{"ddd":0,"ind":2,"ty":2,"nm":"TJP_BLUESCOPE_2500x190017.jpg","cl":"jpg","parent":26,"tt":1,"refId":"image_0","sr":1,"ks":{"o":{"a":0,"k":100,"ix":11},"r":{"a":0,"k":0,"ix":10},"p":{"a":0,"k":[1394.412,-83.2,0],"ix":2,"l":2},"a":{"a":0,"k":[1250,950,0],"ix":1,"l":2},"s":{"a":0,"k":[25.432,25.432,100],"ix":6,"l":2}},"ao":0,"ip":0,"op":615,"st":0,"bm":0},{"ddd":0,"ind":3,"ty":0,"nm":"Pre-comp 4","td":1,"refId":"comp_0","sr":1,"ks":{"o":{"a":0,"k":100,"ix":11},"r":{"a":0,"k":0,"ix":10},"p":{"a":0,"k":[960,540,0],"ix":2,"l":2},"a":{"a":0,"k":[960,540,0],"ix":1,"l":2},"s":{"a":0,"k":[100,100,100],"ix":6,"l":2}},"ao":0,"w":1920,"h":1080,"ip":0,"op":615,"st":0,"bm":0},{"ddd":0,"ind":4,"ty":2,"nm":"GettyImages-1180036931.jpg","cl":"jpg","parent":26,"tt":1,"refId":"image_1","sr":1,"ks":{"o":{"a":0,"k":100,"ix":11},"r":{"a":0,"k":0,"ix":10},"p":{"a":0,"k":[745.932,-64,0],"ix":2,"l":2},"a":{"a":0,"k":[2750,1833.5,0],"ix":1,"l":2},"s":{"a":0,"k":[12.457,12.457,100],"ix":6,"l":2}},"ao":0,"ip":0,"op":615,"st":0,"bm":0},{"ddd":0,"ind":5,"ty":0,"nm":"Pre-comp 4","td":1,"refId":"comp_0","sr":1,"ks":{"o":{"a":0,"k":100,"ix":11},"r":{"a":0,"k":0,"ix":10},"p":{"a":0,"k":[960,540,0],"ix":2,"l":2},"a":{"a":0,"k":[960,540,0],"ix":1,"l":2},"s":{"a":0,"k":[100,100,100],"ix":6,"l":2}},"ao":0,"w":1920,"h":1080,"ip":0,"op":615,"st":0,"bm":0},{"ddd":0,"ind":6,"ty":0,"nm":"180804_Stangel_LinkedIn_Portrait_Brenda_2685 copy","parent":26,"tt":1,"refId":"comp_1","sr":1,"ks":{"o":{"a":0,"k":100,"ix":11},"r":{"a":0,"k":0,"ix":10},"p":{"a":0,"k":[0.373,-32,0],"ix":2,"l":2},"a":{"a":0,"k":[1500,1124.5,0],"ix":1,"l":2},"s":{"a":0,"k":[28.862,28.862,100],"ix":6,"l":2}},"ao":0,"w":3000,"h":2249,"ip":0,"op":210,"st":0,"bm":0},{"ddd":0,"ind":7,"ty":0,"nm":"Pre-comp 3","td":1,"refId":"comp_3","sr":1,"ks":{"o":{"a":0,"k":100,"ix":11},"r":{"a":0,"k":0,"ix":10},"p":{"a":0,"k":[960,540,0],"ix":2,"l":2},"a":{"a":0,"k":[960,540,0],"ix":1,"l":2},"s":{"a":0,"k":[100,100,100],"ix":6,"l":2}},"ao":0,"w":1920,"h":1080,"ip":0,"op":615,"st":0,"bm":0},{"ddd":0,"ind":8,"ty":5,"nm":"Learn more","tt":1,"sr":1,"ks":{"o":{"a":0,"k":100,"ix":11},"r":{"a":0,"k":0,"ix":10},"p":{"a":0,"k":[848,934,0],"ix":2,"l":2},"a":{"a":0,"k":[0,0,0],"ix":1,"l":2},"s":{"a":0,"k":[100,100,100],"ix":6,"l":2}},"ao":0,"t":{"d":{"k":[{"s":{"s":25,"f":"Sohne-LeichtTest","t":"Learn more","j":0,"tr":0,"lh":30,"ls":0,"fc":[1,1,1]},"t":0}]},"p":{},"m":{"g":1,"a":{"a":0,"k":[0,0],"ix":2}},"a":[]},"ip":0,"op":615,"st":0,"bm":0},{"ddd":0,"ind":9,"ty":0,"nm":"Pre-comp 3","td":1,"refId":"comp_3","sr":1,"ks":{"o":{"a":0,"k":100,"ix":11},"r":{"a":0,"k":0,"ix":10},"p":{"a":0,"k":[960,540,0],"ix":2,"l":2},"a":{"a":0,"k":[960,540,0],"ix":1,"l":2},"s":{"a":0,"k":[100,100,100],"ix":6,"l":2}},"ao":0,"w":1920,"h":1080,"ip":0,"op":615,"st":0,"bm":0},{"ddd":0,"ind":10,"ty":4,"nm":"Shape Layer 8","tt":1,"sr":1,"ks":{"o":{"a":0,"k":100,"ix":11},"r":{"a":0,"k":0,"ix":10},"p":{"a":0,"k":[962,540,0],"ix":2,"l":2},"a":{"a":0,"k":[0,0,0],"ix":1,"l":2},"s":{"a":0,"k":[100,100,100],"ix":6,"l":2}},"ao":0,"shapes":[{"ty":"gr","it":[{"ty":"rc","d":1,"s":{"a":0,"k":[188,64],"ix":2},"p":{"a":0,"k":[0,0],"ix":3},"r":{"a":0,"k":600,"ix":4},"nm":"Rectangle Path 1","mn":"ADBE Vector Shape - Rect","hd":false},{"ty":"st","c":{"a":0,"k":[0.109803996367,0.368627002192,0.282353001015,1],"ix":3},"o":{"a":0,"k":100,"ix":4},"w":{"a":0,"k":0,"ix":5},"lc":1,"lj":1,"ml":4,"bm":0,"nm":"Stroke 1","mn":"ADBE Vector Graphic - Stroke","hd":false},{"ty":"fl","c":{"a":0,"k":[0.109803996367,0.368627002192,0.282353001015,1],"ix":4},"o":{"a":0,"k":100,"ix":5},"r":1,"bm":0,"nm":"Fill 1","mn":"ADBE Vector Graphic - Fill","hd":false},{"ty":"tr","p":{"a":0,"k":[-56,386],"ix":2},"a":{"a":0,"k":[0,0],"ix":1},"s":{"a":0,"k":[100,100],"ix":3},"r":{"a":0,"k":0,"ix":6},"o":{"a":0,"k":100,"ix":7},"sk":{"a":0,"k":0,"ix":4},"sa":{"a":0,"k":0,"ix":5},"nm":"Transform"}],"nm":"Rectangle 1","np":3,"cix":2,"bm":0,"ix":1,"mn":"ADBE Vector Group","hd":false}],"ip":0,"op":615,"st":0,"bm":0},{"ddd":0,"ind":12,"ty":0,"nm":"Pre-comp 3","td":1,"refId":"comp_3","sr":1,"ks":{"o":{"a":0,"k":100,"ix":11},"r":{"a":0,"k":0,"ix":10},"p":{"a":0,"k":[960,540,0],"ix":2,"l":2},"a":{"a":0,"k":[960,540,0],"ix":1,"l":2},"s":{"a":0,"k":[100,100,100],"ix":6,"l":2}},"ao":0,"w":1920,"h":1080,"ip":0,"op":615,"st":0,"bm":0},{"ddd":0,"ind":13,"ty":5,"nm":"Looking to grow your business, but unsure  of the next steps? Our specialists can help you  reach your goals with smart, tailored solutions.","tt":1,"sr":1,"ks":{"o":{"a":0,"k":100,"ix":11},"r":{"a":0,"k":0,"ix":10},"p":{"a":0,"k":[812,803,0],"ix":2,"l":2},"a":{"a":0,"k":[0,0,0],"ix":1,"l":2},"s":{"a":0,"k":[100,100,100],"ix":6,"l":2}},"ao":0,"t":{"d":{"k":[{"s":{"s":25,"f":"Sohne-LeichtTest","t":"Looking to grow your business, but unsure \rof the next steps? Our specialists can help you \rreach your goals with smart, tailored solutions.","j":0,"tr":0,"lh":30.0000019073486,"ls":0,"fc":[0,0,0]},"t":0}]},"p":{},"m":{"g":1,"a":{"a":0,"k":[0,0],"ix":2}},"a":[]},"ip":0,"op":93,"st":0,"bm":0},{"ddd":0,"ind":14,"ty":0,"nm":"Pre-comp 3","td":1,"refId":"comp_3","sr":1,"ks":{"o":{"a":0,"k":100,"ix":11},"r":{"a":0,"k":0,"ix":10},"p":{"a":0,"k":[960,540,0],"ix":2,"l":2},"a":{"a":0,"k":[960,540,0],"ix":1,"l":2},"s":{"a":0,"k":[100,100,100],"ix":6,"l":2}},"ao":0,"w":1920,"h":1080,"ip":0,"op":615,"st":0,"bm":0},{"ddd":0,"ind":15,"ty":5,"nm":"We’ve helped countless Australian  companies recover from high debt  levels to become profitable again. ","tt":1,"sr":1,"ks":{"o":{"a":0,"k":100,"ix":11},"r":{"a":0,"k":0,"ix":10},"p":{"a":0,"k":[810,803,0],"ix":2,"l":2},"a":{"a":0,"k":[0,0,0],"ix":1,"l":2},"s":{"a":0,"k":[100,100,100],"ix":6,"l":2}},"ao":0,"t":{"d":{"k":[{"s":{"s":25,"f":"Sohne-LeichtTest","t":"We’ve helped countless Australian \rcompanies recover from high debt \rlevels to become profitable again. ","j":0,"tr":0,"lh":30.0000019073486,"ls":0,"fc":[0,0,0]},"t":0}]},"p":{},"m":{"g":1,"a":{"a":0,"k":[0,0],"ix":2}},"a":[]},"ip":96,"op":152,"st":0,"bm":0},{"ddd":0,"ind":16,"ty":0,"nm":"Pre-comp 3","td":1,"refId":"comp_3","sr":1,"ks":{"o":{"a":0,"k":100,"ix":11},"r":{"a":0,"k":0,"ix":10},"p":{"a":0,"k":[960,540,0],"ix":2,"l":2},"a":{"a":0,"k":[960,540,0],"ix":1,"l":2},"s":{"a":0,"k":[100,100,100],"ix":6,"l":2}},"ao":0,"w":1920,"h":1080,"ip":0,"op":615,"st":0,"bm":0},{"ddd":0,"ind":17,"ty":5,"nm":"We know insolvency is tough.  We’ll guide you through to deliver  the best possible outcome.","tt":1,"sr":1,"ks":{"o":{"a":0,"k":100,"ix":11},"r":{"a":0,"k":0,"ix":10},"p":{"a":0,"k":[810,803,0],"ix":2,"l":2},"a":{"a":0,"k":[0,0,0],"ix":1,"l":2},"s":{"a":0,"k":[100,100,100],"ix":6,"l":2}},"ao":0,"t":{"d":{"k":[{"s":{"s":25,"f":"Sohne-LeichtTest","t":"We know insolvency is tough. \rWe’ll guide you through to deliver \rthe best possible outcome.","j":0,"tr":0,"lh":30.0000019073486,"ls":0,"fc":[0,0,0]},"t":0}]},"p":{},"m":{"g":1,"a":{"a":0,"k":[0,0],"ix":2}},"a":[]},"ip":151,"op":219,"st":55,"bm":0},{"ddd":0,"ind":19,"ty":0,"nm":"Pre-comp 3","td":1,"refId":"comp_3","sr":1,"ks":{"o":{"a":0,"k":100,"ix":11},"r":{"a":0,"k":0,"ix":10},"p":{"a":0,"k":[960,540,0],"ix":2,"l":2},"a":{"a":0,"k":[960,540,0],"ix":1,"l":2},"s":{"a":0,"k":[100,100,100],"ix":6,"l":2}},"ao":0,"w":1920,"h":1080,"ip":0,"op":615,"st":0,"bm":0},{"ddd":0,"ind":20,"ty":5,"nm":"Corporate Advisory","tt":1,"sr":1,"ks":{"o":{"a":0,"k":100,"ix":11},"r":{"a":0,"k":0,"ix":10},"p":{"a":0,"k":[808,744,0],"ix":2,"l":2},"a":{"a":0,"k":[0,0,0],"ix":1,"l":2},"s":{"a":0,"k":[100,100,100],"ix":6,"l":2}},"ao":0,"t":{"d":{"k":[{"s":{"s":50,"f":"RecklessNeueTRIAL-Medium","t":"Corporate Advisory","j":0,"tr":0,"lh":60,"ls":0,"fc":[0,0,0]},"t":0}]},"p":{},"m":{"g":1,"a":{"a":0,"k":[0,0],"ix":2}},"a":[]},"ip":0,"op":96,"st":0,"bm":0},{"ddd":0,"ind":21,"ty":0,"nm":"Pre-comp 3","td":1,"refId":"comp_3","sr":1,"ks":{"o":{"a":0,"k":100,"ix":11},"r":{"a":0,"k":0,"ix":10},"p":{"a":0,"k":[960,540,0],"ix":2,"l":2},"a":{"a":0,"k":[960,540,0],"ix":1,"l":2},"s":{"a":0,"k":[100,100,100],"ix":6,"l":2}},"ao":0,"w":1920,"h":1080,"ip":0,"op":615,"st":0,"bm":0},{"ddd":0,"ind":22,"ty":5,"nm":"Restructuring","tt":1,"sr":1,"ks":{"o":{"a":0,"k":100,"ix":11},"r":{"a":0,"k":0,"ix":10},"p":{"a":0,"k":[808,744,0],"ix":2,"l":2},"a":{"a":0,"k":[0,0,0],"ix":1,"l":2},"s":{"a":0,"k":[100,100,100],"ix":6,"l":2}},"ao":0,"t":{"d":{"k":[{"s":{"s":50,"f":"RecklessNeueTRIAL-Medium","t":"Restructuring","j":0,"tr":0,"lh":60,"ls":0,"fc":[0,0,0]},"t":0}]},"p":{},"m":{"g":1,"a":{"a":0,"k":[0,0],"ix":2}},"a":[]},"ip":96,"op":149,"st":0,"bm":0},{"ddd":0,"ind":23,"ty":0,"nm":"Pre-comp 3","td":1,"refId":"comp_3","sr":1,"ks":{"o":{"a":0,"k":100,"ix":11},"r":{"a":0,"k":0,"ix":10},"p":{"a":0,"k":[960,540,0],"ix":2,"l":2},"a":{"a":0,"k":[960,540,0],"ix":1,"l":2},"s":{"a":0,"k":[100,100,100],"ix":6,"l":2}},"ao":0,"w":1920,"h":1080,"ip":0,"op":615,"st":0,"bm":0},{"ddd":0,"ind":24,"ty":5,"nm":"Insolvency","tt":1,"sr":1,"ks":{"o":{"a":0,"k":100,"ix":11},"r":{"a":0,"k":0,"ix":10},"p":{"a":0,"k":[808,744,0],"ix":2,"l":2},"a":{"a":0,"k":[0,0,0],"ix":1,"l":2},"s":{"a":0,"k":[100,100,100],"ix":6,"l":2}},"ao":0,"t":{"d":{"k":[{"s":{"s":50,"f":"RecklessNeueTRIAL-Medium","t":"Insolvency","j":0,"tr":0,"lh":60,"ls":0,"fc":[0,0,0]},"t":0}]},"p":{},"m":{"g":1,"a":{"a":0,"k":[0,0],"ix":2}},"a":[]},"ip":148,"op":223,"st":52,"bm":0},{"ddd":0,"ind":26,"ty":3,"nm":"Null 3","sr":1,"ks":{"o":{"a":0,"k":0,"ix":11},"r":{"a":0,"k":0,"ix":10},"p":{"a":1,"k":[{"i":{"x":0.18,"y":1},"o":{"x":0.82,"y":0},"t":0,"s":[1592,580,0],"to":[-105.333,0,0],"ti":[240.833,0,0]},{"i":{"x":0.18,"y":1},"o":{"x":0.82,"y":0},"t":60,"s":[960,580,0],"to":[-240.833,0,0],"ti":[299,0,0]},{"i":{"x":0.18,"y":1},"o":{"x":0.82,"y":0},"t":120,"s":[147,580,0],"to":[-299,0,0],"ti":[306.333,0,0]},{"i":{"x":0.18,"y":1},"o":{"x":0.82,"y":0},"t":180,"s":[-834,580,0],"to":[-306.333,0,0],"ti":[142.833,0,0]},{"t":240,"s":[-1691,580,0]}],"ix":2,"l":2},"a":{"a":0,"k":[0,0,0],"ix":1,"l":2},"s":{"a":0,"k":[125,125,100],"ix":6,"l":2}},"ao":0,"ip":0,"op":615,"st":0,"bm":0},{"ddd":0,"ind":27,"ty":4,"nm":"Shape Layer 6","parent":26,"sr":1,"ks":{"o":{"a":0,"k":100,"ix":11},"r":{"a":0,"k":0,"ix":10},"p":{"a":0,"k":[1670.589,85,0],"ix":2,"l":2},"a":{"a":0,"k":[960,1048,0],"ix":1,"l":2},"s":{"a":1,"k":[{"i":{"x":[0.18,0.18,0.18],"y":[1,1,1]},"o":{"x":[0.82,0.82,0.82],"y":[0,0,0]},"t":120,"s":[20,20,100]},{"i":{"x":[0.18,0.18,0.18],"y":[1,1,1]},"o":{"x":[0.82,0.82,0.82],"y":[0,0,0]},"t":180,"s":[40.534,29.884,100]},{"t":240,"s":[20,20,100]}],"ix":6,"l":2}},"ao":0,"shapes":[{"ty":"gr","it":[{"ty":"rc","d":1,"s":{"a":0,"k":[1324,1324],"ix":2},"p":{"a":0,"k":[0,0],"ix":3},"r":{"a":0,"k":0,"ix":4},"nm":"Rectangle Path 1","mn":"ADBE Vector Shape - Rect","hd":false},{"ty":"st","c":{"a":0,"k":[0,0,0,1],"ix":3},"o":{"a":0,"k":100,"ix":4},"w":{"a":0,"k":0,"ix":5},"lc":1,"lj":1,"ml":4,"bm":0,"nm":"Stroke 1","mn":"ADBE Vector Graphic - Stroke","hd":false},{"ty":"fl","c":{"a":0,"k":[0.109803921569,0.36862745098,0.282352941176,1],"ix":4},"o":{"a":0,"k":100,"ix":5},"r":1,"bm":0,"nm":"Fill 1","mn":"ADBE Vector Graphic - Fill","hd":false},{"ty":"tr","p":{"a":0,"k":[298,386],"ix":2},"a":{"a":0,"k":[0,0],"ix":1},"s":{"a":0,"k":[100,100],"ix":3},"r":{"a":0,"k":0,"ix":6},"o":{"a":0,"k":100,"ix":7},"sk":{"a":0,"k":0,"ix":4},"sa":{"a":0,"k":0,"ix":5},"nm":"Transform"}],"nm":"Rectangle 1","np":3,"cix":2,"bm":0,"ix":1,"mn":"ADBE Vector Group","hd":false}],"ip":0,"op":241,"st":120,"bm":0},{"ddd":0,"ind":28,"ty":4,"nm":"Shape Layer 5","parent":26,"sr":1,"ks":{"o":{"a":0,"k":100,"ix":11},"r":{"a":0,"k":0,"ix":10},"p":{"a":0,"k":[1252.754,-231,0],"ix":2,"l":2},"a":{"a":0,"k":[-364,-276,0],"ix":1,"l":2},"s":{"a":1,"k":[{"i":{"x":[0.18,0.18,0.18],"y":[1,1,1]},"o":{"x":[0.82,0.82,0.82],"y":[0,0,0]},"t":120,"s":[20,20,100]},{"i":{"x":[0.18,0.18,0.18],"y":[1,1,1]},"o":{"x":[0.82,0.82,0.82],"y":[0,0,0]},"t":180,"s":[40.785,45.619,100]},{"t":240,"s":[20,20,100]}],"ix":6,"l":2}},"ao":0,"shapes":[{"ty":"gr","it":[{"ty":"rc","d":1,"s":{"a":0,"k":[1324,1324],"ix":2},"p":{"a":0,"k":[0,0],"ix":3},"r":{"a":0,"k":0,"ix":4},"nm":"Rectangle Path 1","mn":"ADBE Vector Shape - Rect","hd":false},{"ty":"st","c":{"a":0,"k":[0,0,0,1],"ix":3},"o":{"a":0,"k":100,"ix":4},"w":{"a":0,"k":0,"ix":5},"lc":1,"lj":1,"ml":4,"bm":0,"nm":"Stroke 1","mn":"ADBE Vector Graphic - Stroke","hd":false},{"ty":"fl","c":{"a":0,"k":[0.921568627451,0.913725490196,0.870588235294,1],"ix":4},"o":{"a":0,"k":100,"ix":5},"r":1,"bm":0,"nm":"Fill 1","mn":"ADBE Vector Graphic - Fill","hd":false},{"ty":"tr","p":{"a":0,"k":[298,386],"ix":2},"a":{"a":0,"k":[0,0],"ix":1},"s":{"a":0,"k":[100,100],"ix":3},"r":{"a":0,"k":0,"ix":6},"o":{"a":0,"k":100,"ix":7},"sk":{"a":0,"k":0,"ix":4},"sa":{"a":0,"k":0,"ix":5},"nm":"Transform"}],"nm":"Rectangle 1","np":3,"cix":2,"bm":0,"ix":1,"mn":"ADBE Vector Group","hd":false}],"ip":0,"op":241,"st":120,"bm":0},{"ddd":0,"ind":29,"ty":4,"nm":"Shape Layer 4","parent":26,"sr":1,"ks":{"o":{"a":0,"k":100,"ix":11},"r":{"a":0,"k":0,"ix":10},"p":{"a":0,"k":[569.919,85,0],"ix":2,"l":2},"a":{"a":0,"k":[-364,1048,0],"ix":1,"l":2},"s":{"a":1,"k":[{"i":{"x":[0.18,0.18,0.18],"y":[1,1,1]},"o":{"x":[0.82,0.82,0.82],"y":[0,0,0]},"t":60,"s":[20,20,100]},{"i":{"x":[0.18,0.18,0.18],"y":[1,1,1]},"o":{"x":[0.82,0.82,0.82],"y":[0,0,0]},"t":120,"s":[37.966,29.884,100]},{"t":180,"s":[20,20,100]}],"ix":6,"l":2}},"ao":0,"shapes":[{"ty":"gr","it":[{"ty":"rc","d":1,"s":{"a":0,"k":[1324,1324],"ix":2},"p":{"a":0,"k":[0,0],"ix":3},"r":{"a":0,"k":0,"ix":4},"nm":"Rectangle Path 1","mn":"ADBE Vector Shape - Rect","hd":false},{"ty":"st","c":{"a":0,"k":[0,0,0,1],"ix":3},"o":{"a":0,"k":100,"ix":4},"w":{"a":0,"k":0,"ix":5},"lc":1,"lj":1,"ml":4,"bm":0,"nm":"Stroke 1","mn":"ADBE Vector Graphic - Stroke","hd":false},{"ty":"fl","c":{"a":0,"k":[0.858823529412,0.992156862745,0.564705882353,1],"ix":4},"o":{"a":0,"k":100,"ix":5},"r":1,"bm":0,"nm":"Fill 1","mn":"ADBE Vector Graphic - Fill","hd":false},{"ty":"tr","p":{"a":0,"k":[298,386],"ix":2},"a":{"a":0,"k":[0,0],"ix":1},"s":{"a":0,"k":[100,100],"ix":3},"r":{"a":0,"k":0,"ix":6},"o":{"a":0,"k":100,"ix":7},"sk":{"a":0,"k":0,"ix":4},"sa":{"a":0,"k":0,"ix":5},"nm":"Transform"}],"nm":"Rectangle 1","np":3,"cix":2,"bm":0,"ix":1,"mn":"ADBE Vector Group","hd":false}],"ip":0,"op":241,"st":60,"bm":0},{"ddd":0,"ind":30,"ty":4,"nm":"Shape Layer 3","parent":26,"sr":1,"ks":{"o":{"a":0,"k":100,"ix":11},"r":{"a":0,"k":0,"ix":10},"p":{"a":0,"k":[992.754,-231,0],"ix":2,"l":2},"a":{"a":0,"k":[960,-276,0],"ix":1,"l":2},"s":{"a":1,"k":[{"i":{"x":[0.18,0.18,0.18],"y":[1,1,1]},"o":{"x":[0.82,0.82,0.82],"y":[0,0,0]},"t":60,"s":[20,20,100]},{"i":{"x":[0.18,0.18,0.18],"y":[1,1,1]},"o":{"x":[0.82,0.82,0.82],"y":[0,0,0]},"t":120,"s":[39.577,45.619,100]},{"t":180,"s":[20,20,100]}],"ix":6,"l":2}},"ao":0,"shapes":[{"ty":"gr","it":[{"ty":"rc","d":1,"s":{"a":0,"k":[1324,1324],"ix":2},"p":{"a":0,"k":[0,0],"ix":3},"r":{"a":0,"k":0,"ix":4},"nm":"Rectangle Path 1","mn":"ADBE Vector Shape - Rect","hd":false},{"ty":"st","c":{"a":0,"k":[0,0,0,1],"ix":3},"o":{"a":0,"k":100,"ix":4},"w":{"a":0,"k":0,"ix":5},"lc":1,"lj":1,"ml":4,"bm":0,"nm":"Stroke 1","mn":"ADBE Vector Graphic - Stroke","hd":false},{"ty":"fl","c":{"a":0,"k":[0.878431372549,0.890196078431,0.898039215686,1],"ix":4},"o":{"a":0,"k":100,"ix":5},"r":1,"bm":0,"nm":"Fill 1","mn":"ADBE Vector Graphic - Fill","hd":false},{"ty":"tr","p":{"a":0,"k":[298,386],"ix":2},"a":{"a":0,"k":[0,0],"ix":1},"s":{"a":0,"k":[100,100],"ix":3},"r":{"a":0,"k":0,"ix":6},"o":{"a":0,"k":100,"ix":7},"sk":{"a":0,"k":0,"ix":4},"sa":{"a":0,"k":0,"ix":5},"nm":"Transform"}],"nm":"Rectangle 1","np":3,"cix":2,"bm":0,"ix":1,"mn":"ADBE Vector Group","hd":false}],"ip":0,"op":241,"st":60,"bm":0},{"ddd":0,"ind":31,"ty":4,"nm":"Shape Layer 2","parent":26,"sr":1,"ks":{"o":{"a":0,"k":100,"ix":11},"r":{"a":0,"k":0,"ix":10},"p":{"a":0,"k":[245.089,88,0],"ix":2,"l":2},"a":{"a":0,"k":[960,1048,0],"ix":1,"l":2},"s":{"a":1,"k":[{"i":{"x":[0.18,0.18,0.18],"y":[1,1,1]},"o":{"x":[0.82,0.82,0.82],"y":[0,0,0]},"t":0,"s":[20,20,100]},{"i":{"x":[0.18,0.18,0.18],"y":[1,1,1]},"o":{"x":[0.82,0.82,0.82],"y":[0,0,0]},"t":60,"s":[41.44,29.733,100]},{"t":120,"s":[20,20,100]}],"ix":6,"l":2}},"ao":0,"shapes":[{"ty":"gr","it":[{"ty":"rc","d":1,"s":{"a":0,"k":[1324,1324],"ix":2},"p":{"a":0,"k":[0,0],"ix":3},"r":{"a":0,"k":0,"ix":4},"nm":"Rectangle Path 1","mn":"ADBE Vector Shape - Rect","hd":false},{"ty":"st","c":{"a":0,"k":[0,0,0,1],"ix":3},"o":{"a":0,"k":100,"ix":4},"w":{"a":0,"k":0,"ix":5},"lc":1,"lj":1,"ml":4,"bm":0,"nm":"Stroke 1","mn":"ADBE Vector Graphic - Stroke","hd":false},{"ty":"fl","c":{"a":0,"k":[0.878431372549,0.890196078431,0.898039215686,1],"ix":4},"o":{"a":0,"k":100,"ix":5},"r":1,"bm":0,"nm":"Fill 1","mn":"ADBE Vector Graphic - Fill","hd":false},{"ty":"tr","p":{"a":0,"k":[298,386],"ix":2},"a":{"a":0,"k":[0,0],"ix":1},"s":{"a":0,"k":[100,100],"ix":3},"r":{"a":0,"k":0,"ix":6},"o":{"a":0,"k":100,"ix":7},"sk":{"a":0,"k":0,"ix":4},"sa":{"a":0,"k":0,"ix":5},"nm":"Transform"}],"nm":"Rectangle 1","np":3,"cix":2,"bm":0,"ix":1,"mn":"ADBE Vector Group","hd":false}],"ip":0,"op":241,"st":0,"bm":0},{"ddd":0,"ind":32,"ty":4,"nm":"Shape Layer 1","parent":26,"sr":1,"ks":{"o":{"a":0,"k":100,"ix":11},"r":{"a":0,"k":0,"ix":10},"p":{"a":0,"k":[-176.246,-231,0],"ix":2,"l":2},"a":{"a":0,"k":[-364,-276,0],"ix":1,"l":2},"s":{"a":1,"k":[{"i":{"x":[0.18,0.18,0.18],"y":[1,1,1]},"o":{"x":[0.82,0.82,0.82],"y":[0,0,0]},"t":0,"s":[20,20,100]},{"i":{"x":[0.18,0.18,0.18],"y":[1,1,1]},"o":{"x":[0.82,0.82,0.82],"y":[0,0,0]},"t":60,"s":[41.918,45.77,100]},{"t":120,"s":[20,20,100]}],"ix":6,"l":2}},"ao":0,"shapes":[{"ty":"gr","it":[{"ty":"rc","d":1,"s":{"a":0,"k":[1324,1324],"ix":2},"p":{"a":0,"k":[0,0],"ix":3},"r":{"a":0,"k":0,"ix":4},"nm":"Rectangle Path 1","mn":"ADBE Vector Shape - Rect","hd":false},{"ty":"st","c":{"a":0,"k":[0,0,0,1],"ix":3},"o":{"a":0,"k":100,"ix":4},"w":{"a":0,"k":0,"ix":5},"lc":1,"lj":1,"ml":4,"bm":0,"nm":"Stroke 1","mn":"ADBE Vector Graphic - Stroke","hd":false},{"ty":"fl","c":{"a":0,"k":[0.921568627451,0.913725490196,0.870588235294,1],"ix":4},"o":{"a":0,"k":100,"ix":5},"r":1,"bm":0,"nm":"Fill 1","mn":"ADBE Vector Graphic - Fill","hd":false},{"ty":"tr","p":{"a":0,"k":[298,386],"ix":2},"a":{"a":0,"k":[0,0],"ix":1},"s":{"a":0,"k":[100,100],"ix":3},"r":{"a":0,"k":0,"ix":6},"o":{"a":0,"k":100,"ix":7},"sk":{"a":0,"k":0,"ix":4},"sa":{"a":0,"k":0,"ix":5},"nm":"Transform"}],"nm":"Rectangle 1","np":3,"cix":2,"bm":0,"ix":1,"mn":"ADBE Vector Group","hd":false}],"ip":0,"op":241,"st":0,"bm":0},{"ddd":0,"ind":33,"ty":4,"nm":"Shape Layer 7","sr":1,"ks":{"o":{"a":0,"k":100,"ix":11},"r":{"a":0,"k":0,"ix":10},"p":{"a":0,"k":[960,540,0],"ix":2,"l":2},"a":{"a":0,"k":[0,0,0],"ix":1,"l":2},"s":{"a":0,"k":[100,100,100],"ix":6,"l":2}},"ao":0,"shapes":[{"ty":"gr","it":[{"ty":"rc","d":1,"s":{"a":0,"k":[2020,1196],"ix":2},"p":{"a":0,"k":[0,0],"ix":3},"r":{"a":0,"k":0,"ix":4},"nm":"Rectangle Path 1","mn":"ADBE Vector Shape - Rect","hd":false},{"ty":"st","c":{"a":0,"k":[0,0,0,1],"ix":3},"o":{"a":0,"k":100,"ix":4},"w":{"a":0,"k":0,"ix":5},"lc":1,"lj":1,"ml":4,"bm":0,"nm":"Stroke 1","mn":"ADBE Vector Graphic - Stroke","hd":false},{"ty":"tr","p":{"a":0,"k":[34,-10],"ix":2},"a":{"a":0,"k":[0,0],"ix":1},"s":{"a":0,"k":[100,100],"ix":3},"r":{"a":0,"k":0,"ix":6},"o":{"a":0,"k":100,"ix":7},"sk":{"a":0,"k":0,"ix":4},"sa":{"a":0,"k":0,"ix":5},"nm":"Transform"}],"nm":"Rectangle 1","np":2,"cix":2,"bm":0,"ix":1,"mn":"ADBE Vector Group","hd":false}],"ip":0,"op":615,"st":0,"bm":0},{"ddd":0,"ind":34,"ty":1,"nm":"White Solid 2","sr":1,"ks":{"o":{"a":0,"k":100,"ix":11},"r":{"a":0,"k":0,"ix":10},"p":{"a":0,"k":[960,540,0],"ix":2,"l":2},"a":{"a":0,"k":[960,540,0],"ix":1,"l":2},"s":{"a":0,"k":[100,100,100],"ix":6,"l":2}},"ao":0,"sw":1920,"sh":1080,"sc":"#ffffff","ip":0,"op":615,"st":0,"bm":0}],"markers":[],"chars":[{"ch":"I","size":50,"style":"Medium","w":32.87,"data":{"shapes":[{"ty":"gr","it":[{"ind":0,"ty":"sh","ix":1,"ks":{"a":0,"k":{"i":[[0,0],[1.399,0.781],[0.325,0.814],[0,3.353],[0,0],[-0.814,1.042],[-2.702,0],[0,0],[0,0],[0,0],[0,0],[0,0],[-1.433,-0.781],[-0.326,-0.813],[0,-3.352],[0,0],[0.781,-1.041],[2.734,0],[0,0],[0,0],[0,0],[0,0]],"o":[[-1.562,0],[-1.042,-0.586],[-0.423,-1.074],[0,0],[0,-3.971],[1.237,-1.595],[0,0],[0,0],[0,0],[0,0],[0,0],[1.562,0],[1.009,0.586],[0.423,1.074],[0,0],[0,3.972],[-1.237,1.595],[0,0],[0,0],[0,0],[0,0],[0,0]],"v":[[28.467,-1.807],[24.023,-2.979],[21.973,-5.078],[21.338,-11.719],[21.338,-54.492],[22.559,-62.012],[28.467,-64.404],[30.859,-64.404],[30.859,-66.211],[2.49,-66.211],[2.49,-64.404],[4.834,-64.404],[9.326,-63.232],[11.328,-61.133],[11.963,-54.492],[11.963,-11.719],[10.791,-4.199],[4.834,-1.807],[2.49,-1.807],[2.49,0],[30.859,0],[30.859,-1.807]],"c":true},"ix":2},"nm":"I","mn":"ADBE Vector Shape - Group","hd":false}],"nm":"I","np":3,"cix":2,"bm":0,"ix":1,"mn":"ADBE Vector Group","hd":false}]},"fFamily":"Reckless Neue TRIAL"},{"ch":"n","size":50,"style":"Medium","w":60.3,"data":{"shapes":[{"ty":"gr","it":[{"ind":0,"ty":"sh","ix":1,"ks":{"a":0,"k":{"i":[[0,4.33],[0,0],[9.265,0],[5.338,-6.848],[0,0],[0,0],[0,0],[0,0],[0,0],[0,-3.323],[0,0],[3.726,-0.806],[0,0],[0,0],[0,0],[0,4.33],[0,0],[-4.733,0],[0,-5.942],[0,0],[3.726,-0.806],[0,0],[0,0],[0,0]],"o":[[0,0],[0,-9.869],[-7.15,0],[0,0],[0,0],[0,0],[0,0],[0,0],[3.625,0.302],[0,0],[0,4.33],[0,0],[0,0],[0,0],[-3.726,-0.806],[0,0],[4.633,-5.136],[5.438,0],[0,0],[0,4.33],[0,0],[0,0],[0,0],[-3.726,-0.806]],"v":[[53.073,-7.452],[53.073,-36.356],[38.773,-52.167],[21.048,-40.686],[21.048,-52.167],[19.638,-52.167],[3.323,-47.635],[3.323,-46.225],[5.438,-46.124],[10.776,-40.787],[10.776,-7.452],[4.532,-1.41],[4.532,0],[27.292,0],[27.292,-1.41],[21.048,-7.452],[21.048,-38.168],[34.14,-45.319],[42.801,-35.751],[42.801,-7.452],[36.557,-1.41],[36.557,0],[59.317,0],[59.317,-1.41]],"c":true},"ix":2},"nm":"n","mn":"ADBE Vector Shape - Group","hd":false}],"nm":"n","np":3,"cix":2,"bm":0,"ix":1,"mn":"ADBE Vector Group","hd":false}]},"fFamily":"Reckless Neue TRIAL"},{"ch":"s","size":50,"style":"Medium","w":46.8,"data":{"shapes":[{"ty":"gr","it":[{"ind":0,"ty":"sh","ix":1,"ks":{"a":0,"k":{"i":[[-9.769,0],[0.101,9.567],[0,13.394],[-5.539,0],[-2.014,-6.546],[0,0],[8.661,0],[-0.101,-8.862],[-0.201,-15.106],[5.942,0],[1.611,7.654],[0,0]],"o":[[11.179,0],[-0.403,-19.336],[0,-4.733],[5.338,0],[0,0],[-2.417,-6.345],[-11.279,0],[0.201,18.732],[0,5.237],[-6.345,0],[0,0],[3.021,6.647]],"v":[[24.774,1.41],[44.009,-14.703],[13.797,-41.391],[23.163,-49.347],[35.248,-38.37],[42.902,-42.096],[24.17,-52.167],[5.64,-37.061],[35.651,-10.071],[25.479,-1.41],[11.984,-14.2],[3.726,-10.071]],"c":true},"ix":2},"nm":"s","mn":"ADBE Vector Shape - Group","hd":false}],"nm":"s","np":3,"cix":2,"bm":0,"ix":1,"mn":"ADBE Vector Group","hd":false}]},"fFamily":"Reckless Neue TRIAL"},{"ch":"o","size":50,"style":"Medium","w":56.7,"data":{"shapes":[{"ty":"gr","it":[{"ind":0,"ty":"sh","ix":1,"ks":{"a":0,"k":{"i":[[-14.2,0],[0,16.516],[14.2,0],[0,-16.516]],"o":[[14.703,0],[0,-15.308],[-14.703,0],[0,15.207]],"v":[[28.098,1.41],[52.972,-26.385],[29.004,-52.167],[4.129,-24.271]],"c":true},"ix":2},"nm":"o","mn":"ADBE Vector Shape - Group","hd":false},{"ind":1,"ty":"sh","ix":2,"ks":{"a":0,"k":{"i":[[7.755,0],[0,12.689],[-7.755,0],[0,-12.488]],"o":[[-10.474,0],[0,-12.085],[10.373,0],[0,12.186]],"v":[[29.91,-1.41],[14.905,-28.802],[27.292,-49.347],[42.297,-22.055]],"c":true},"ix":2},"nm":"o","mn":"ADBE Vector Shape - Group","hd":false}],"nm":"o","np":5,"cix":2,"bm":0,"ix":1,"mn":"ADBE Vector Group","hd":false}]},"fFamily":"Reckless Neue TRIAL"},{"ch":"l","size":50,"style":"Medium","w":29.1,"data":{"shapes":[{"ty":"gr","it":[{"ind":0,"ty":"sh","ix":1,"ks":{"a":0,"k":{"i":[[0,4.33],[0,0],[0,0],[0,0],[0,0],[0,0],[0,-3.424],[0,0],[3.726,-0.806],[0,0],[0,0],[0,0]],"o":[[0,0],[0,0],[0,0],[0,0],[0,0],[3.625,0.302],[0,0],[0,4.33],[0,0],[0,0],[0,0],[-3.625,-0.806]],"v":[[20.343,-7.452],[20.343,-71.402],[18.933,-71.402],[2.618,-66.769],[2.618,-65.359],[4.834,-65.259],[10.172,-59.921],[10.172,-7.452],[3.827,-1.41],[3.827,0],[26.587,0],[26.587,-1.41]],"c":true},"ix":2},"nm":"l","mn":"ADBE Vector Shape - Group","hd":false}],"nm":"l","np":3,"cix":2,"bm":0,"ix":1,"mn":"ADBE Vector Group","hd":false}]},"fFamily":"Reckless Neue TRIAL"},{"ch":"v","size":50,"style":"Medium","w":51.3,"data":{"shapes":[{"ty":"gr","it":[{"ind":0,"ty":"sh","ix":1,"ks":{"a":0,"k":{"i":[[0,0],[0,0],[0,0],[-3.323,0.201],[0,0],[0,0],[0,0],[1.41,-3.323],[0,0],[0,0],[-4.834,0.101],[0,0],[0,0],[0,0],[-1.813,-3.928]],"o":[[0,0],[0,0],[1.712,-3.928],[0,0],[0,0],[0,0],[4.431,0.201],[0,0],[0,0],[-1.511,-3.424],[0,0],[0,0],[0,0],[3.424,0.201],[0,0]],"v":[[26.99,1.511],[28.4,1.511],[47.736,-43.607],[54.483,-49.246],[54.483,-50.656],[39.78,-50.656],[39.78,-49.246],[44.614,-43.607],[31.723,-12.286],[18.732,-43.607],[24.17,-49.246],[24.17,-50.656],[0.403,-50.656],[0.403,-49.246],[7.352,-43.607]],"c":true},"ix":2},"nm":"v","mn":"ADBE Vector Shape - Group","hd":false}],"nm":"v","np":3,"cix":2,"bm":0,"ix":1,"mn":"ADBE Vector Group","hd":false}]},"fFamily":"Reckless Neue TRIAL"},{"ch":"e","size":50,"style":"Medium","w":52.1,"data":{"shapes":[{"ty":"gr","it":[{"ind":0,"ty":"sh","ix":1,"ks":{"a":0,"k":{"i":[[0,0],[6.949,0],[-0.504,13.696],[-0.101,0.504],[0,0],[13.092,0],[0,-16.617],[-15.005,0],[-2.216,8.862]],"o":[[-2.82,4.532],[-11.38,0],[0,-0.504],[0,0],[0,-13.092],[-14.703,0],[0,14.099],[11.179,0],[0,0]],"v":[[47.433,-15.106],[32.932,-6.747],[14.301,-28.601],[14.401,-30.011],[48.541,-30.011],[28.601,-52.167],[4.129,-24.271],[27.795,1.41],[48.642,-14.603]],"c":true},"ix":2},"nm":"e","mn":"ADBE Vector Shape - Group","hd":false},{"ind":1,"ty":"sh","ix":2,"ks":{"a":0,"k":{"i":[[-6.848,0],[-0.201,-7.956],[0,0]],"o":[[6.848,0],[0,0],[1.208,-9.366]],"v":[[27.09,-49.347],[37.866,-32.831],[14.603,-32.831]],"c":true},"ix":2},"nm":"e","mn":"ADBE Vector Shape - Group","hd":false}],"nm":"e","np":5,"cix":2,"bm":0,"ix":1,"mn":"ADBE Vector Group","hd":false}]},"fFamily":"Reckless Neue TRIAL"},{"ch":"c","size":50,"style":"Medium","w":50.8,"data":{"shapes":[{"ty":"gr","it":[{"ind":0,"ty":"sh","ix":1,"ks":{"a":0,"k":{"i":[[-14.603,0],[-2.417,10.373],[0,0],[5.74,0],[0,13.898],[-7.855,0],[-0.906,-5.942],[0,0],[11.078,0],[0,-15.106]],"o":[[10.876,0],[0,0],[-3.525,6.244],[-10.977,0],[0,-11.078],[6.445,0],[0,0],[-1.007,-5.438],[-15.61,0],[0,14.703]],"v":[[27.795,1.41],[48.642,-15.71],[47.433,-16.013],[32.327,-6.848],[14.301,-29.608],[27.393,-49.347],[37.866,-36.96],[47.232,-39.78],[28.702,-52.167],[4.129,-24.976]],"c":true},"ix":2},"nm":"c","mn":"ADBE Vector Shape - Group","hd":false}],"nm":"c","np":3,"cix":2,"bm":0,"ix":1,"mn":"ADBE Vector Group","hd":false}]},"fFamily":"Reckless Neue TRIAL"},{"ch":"y","size":50,"style":"Medium","w":50.8,"data":{"shapes":[{"ty":"gr","it":[{"ind":0,"ty":"sh","ix":1,"ks":{"a":0,"k":{"i":[[0,0],[0,0],[1.511,-3.525],[0,0],[0,0],[-4.834,0.201],[0,0],[0,0],[0,0],[-1.913,-4.129],[0,0],[0,0],[5.136,0],[3.021,2.216],[0,0],[-3.021,0],[-4.834,11.179],[0,0],[-3.323,0.201],[0,0]],"o":[[0,0],[4.532,0.201],[0,0],[0,0],[-1.511,-3.424],[0,0],[0,0],[0,0],[3.223,0.201],[0,0],[0,0],[-2.719,6.647],[-3.021,0],[0,0],[2.216,0.906],[9.164,0],[0,0],[1.813,-4.129],[0,0],[0,0]],"v":[[40.283,-50.656],[40.283,-49.246],[45.117,-43.607],[32.025,-12.891],[19.135,-43.607],[24.573,-49.246],[24.573,-50.656],[1.007,-50.656],[1.007,-49.246],[7.855,-43.607],[26.587,-0.302],[25.076,3.323],[13.293,12.991],[3.726,9.366],[0.403,19.839],[8.258,21.35],[27.896,3.827],[48.138,-43.607],[54.987,-49.246],[54.987,-50.656]],"c":true},"ix":2},"nm":"y","mn":"ADBE Vector Shape - Group","hd":false}],"nm":"y","np":3,"cix":2,"bm":0,"ix":1,"mn":"ADBE Vector Group","hd":false}]},"fFamily":"Reckless Neue TRIAL"},{"ch":"R","size":50,"style":"Medium","w":70.5,"data":{"shapes":[{"ty":"gr","it":[{"ind":0,"ty":"sh","ix":1,"ks":{"a":0,"k":{"i":[[2.316,3.323],[0,0],[0,9.769],[16.113,0],[0,0],[0,0],[0,-5.438],[0,0],[6.042,-0.504],[0,0],[0,0],[0,0],[0,5.539],[0,0],[0,0],[0,0],[-0.403,-1.813],[0,0],[0,0]],"o":[[0,0],[10.474,-2.216],[0,-12.689],[0,0],[0,0],[6.042,0.504],[0,0],[0,5.539],[0,0],[0,0],[0,0],[-6.042,-0.504],[0,0],[0,0],[0,0],[1.208,1.813],[0,0],[0,0],[-3.827,-0.302]],"v":[[59.72,-7.452],[43.002,-30.515],[59.921,-48.34],[33.133,-67.273],[3.625,-67.273],[3.625,-65.863],[12.589,-58.612],[12.589,-8.661],[3.625,-1.41],[3.625,0],[32.428,0],[32.428,-1.41],[23.566,-8.661],[23.566,-29.608],[30.917,-29.608],[47.937,-5.338],[50.757,0],[70.193,0],[70.193,-1.41]],"c":true},"ix":2},"nm":"R","mn":"ADBE Vector Shape - Group","hd":false},{"ind":1,"ty":"sh","ix":2,"ks":{"a":0,"k":{"i":[[0,0],[0,0],[0,-9.567],[10.876,0],[0,0]],"o":[[0,0],[10.776,0],[0,9.467],[0,0],[0,0]],"v":[[23.666,-64.453],[31.622,-64.453],[48.239,-48.34],[31.622,-32.428],[23.566,-32.428]],"c":true},"ix":2},"nm":"R","mn":"ADBE Vector Shape - Group","hd":false}],"nm":"R","np":5,"cix":2,"bm":0,"ix":1,"mn":"ADBE Vector Group","hd":false}]},"fFamily":"Reckless Neue TRIAL"},{"ch":"t","size":50,"style":"Medium","w":34,"data":{"shapes":[{"ty":"gr","it":[{"ind":0,"ty":"sh","ix":1,"ks":{"a":0,"k":{"i":[[0,0],[3.323,0],[0,5.438],[0,0],[0,0],[0,0],[0,0],[0,0],[0,0],[0,0],[0,0],[0,0],[0,0],[-7.755,0],[-1.611,2.921]],"o":[[-1.41,1.208],[-5.136,0],[0,0],[0,0],[0,0],[0,0],[0,0],[0,0],[0,0],[0,0],[0,0],[0,0],[0,8.862],[7.352,0],[0,0]],"v":[[32.932,-6.345],[26.486,-3.726],[18.631,-12.891],[18.631,-47.836],[33.435,-47.836],[33.435,-50.656],[18.631,-50.656],[18.631,-62.64],[17.221,-62.64],[2.82,-49.246],[2.82,-47.836],[8.359,-47.836],[8.359,-12.488],[21.048,1.511],[33.737,-5.74]],"c":true},"ix":2},"nm":"t","mn":"ADBE Vector Shape - Group","hd":false}],"nm":"t","np":3,"cix":2,"bm":0,"ix":1,"mn":"ADBE Vector Group","hd":false}]},"fFamily":"Reckless Neue TRIAL"},{"ch":"r","size":50,"style":"Medium","w":41.1,"data":{"shapes":[{"ty":"gr","it":[{"ind":0,"ty":"sh","ix":1,"ks":{"a":0,"k":{"i":[[1.309,0],[3.525,-9.164],[0,0],[0,0],[0,0],[0,0],[0,0],[0,-3.323],[0,0],[4.23,-0.806],[0,0],[0,0],[0,0],[0,4.33],[0,0],[-4.633,0],[-1.611,-1.108],[0,0]],"o":[[-6.042,0],[0,0],[0,0],[0,0],[0,0],[0,0],[3.625,0.302],[0,0],[0,4.33],[0,0],[0,0],[0,0],[-6.848,-0.806],[0,0],[3.021,-5.64],[2.216,0],[0,0],[-1.41,-0.705]],"v":[[35.852,-52.167],[21.048,-37.866],[21.048,-52.167],[19.638,-52.167],[3.323,-47.635],[3.323,-46.225],[5.438,-46.124],[10.776,-40.787],[10.776,-7.553],[3.827,-1.41],[3.827,0],[30.515,0],[30.515,-1.41],[21.048,-7.553],[21.048,-34.644],[33.536,-43.204],[39.377,-41.693],[39.981,-51.26]],"c":true},"ix":2},"nm":"r","mn":"ADBE Vector Shape - Group","hd":false}],"nm":"r","np":3,"cix":2,"bm":0,"ix":1,"mn":"ADBE Vector Group","hd":false}]},"fFamily":"Reckless Neue TRIAL"},{"ch":"u","size":50,"style":"Medium","w":58.7,"data":{"shapes":[{"ty":"gr","it":[{"ind":0,"ty":"sh","ix":1,"ks":{"a":0,"k":{"i":[[0,0],[0,3.625],[0,0],[0,0],[0,0],[0,0],[0,0],[0,-3.424],[0,0],[4.733,0],[0,5.942],[0,0],[0,0],[0,0],[0,0],[0,0],[0,-3.424],[0,0],[-9.265,0],[-5.338,6.848],[0,0],[0,0],[0,0],[0,0]],"o":[[-3.424,-0.302],[0,0],[0,0],[0,0],[0,0],[0,0],[3.726,0.403],[0,0],[-4.633,5.136],[-5.338,0],[0,0],[0,0],[0,0],[0,0],[0,0],[3.625,0.403],[0,0],[0,9.869],[7.15,0],[0,0],[0,0],[0,0],[0,0],[0,0]],"v":[[56.396,-4.633],[51.059,-9.97],[51.059,-52.267],[49.649,-52.267],[33.334,-47.635],[33.334,-46.225],[35.449,-46.225],[40.887,-40.787],[40.887,-12.488],[27.695,-5.338],[19.034,-14.905],[19.034,-52.267],[17.624,-52.267],[1.309,-47.635],[1.309,-46.225],[3.525,-46.225],[8.862,-40.787],[8.862,-14.301],[23.163,1.511],[40.887,-9.97],[40.887,1.511],[42.297,1.511],[58.511,-3.122],[58.511,-4.532]],"c":true},"ix":2},"nm":"u","mn":"ADBE Vector Shape - Group","hd":false}],"nm":"u","np":3,"cix":2,"bm":0,"ix":1,"mn":"ADBE Vector Group","hd":false}]},"fFamily":"Reckless Neue TRIAL"},{"ch":"i","size":50,"style":"Medium","w":29.6,"data":{"shapes":[{"ty":"gr","it":[{"ind":0,"ty":"sh","ix":1,"ks":{"a":0,"k":{"i":[[-4.23,0],[0,3.928],[4.028,0],[0,-3.827]],"o":[[4.028,0],[0,-3.827],[-4.23,0],[0,3.928]],"v":[[15.308,-58.411],[22.357,-65.359],[15.308,-72.208],[7.956,-65.359]],"c":true},"ix":2},"nm":"i","mn":"ADBE Vector Shape - Group","hd":false},{"ind":1,"ty":"sh","ix":2,"ks":{"a":0,"k":{"i":[[0,4.33],[0,0],[0,0],[0,0],[0,0],[0,0],[0,-3.424],[0,0],[3.726,-0.806],[0,0],[0,0],[0,0]],"o":[[0,0],[0,0],[0,0],[0,0],[0,0],[3.625,0.403],[0,0],[0,4.33],[0,0],[0,0],[0,0],[-3.726,-0.806]],"v":[[21.048,-7.452],[21.048,-52.267],[19.638,-52.267],[3.323,-47.635],[3.323,-46.225],[5.438,-46.225],[10.776,-40.787],[10.776,-7.452],[4.532,-1.41],[4.532,0],[27.292,0],[27.292,-1.41]],"c":true},"ix":2},"nm":"i","mn":"ADBE Vector Shape - Group","hd":false}],"nm":"i","np":5,"cix":2,"bm":0,"ix":1,"mn":"ADBE Vector Group","hd":false}]},"fFamily":"Reckless Neue TRIAL"},{"ch":"g","size":50,"style":"Medium","w":53.6,"data":{"shapes":[{"ty":"gr","it":[{"ind":0,"ty":"sh","ix":1,"ks":{"a":0,"k":{"i":[[9.467,0.705],[0,0],[0,2.115],[-1.611,1.511],[-3.827,0],[0,9.869],[4.129,3.122],[0,0],[0,0],[0,0],[3.323,0],[0,-10.071],[-5.136,-2.921],[0,-3.928],[-3.827,-1.913],[0,-6.647],[-13.696,0],[0,9.869]],"o":[[0,0],[-4.733,-0.302],[0,-1.813],[3.323,1.611],[12.589,0],[0,-5.539],[0,0],[0,0],[0,0],[-2.719,-1.007],[-12.689,0],[0,6.647],[-4.633,2.417],[0,2.921],[-5.136,1.309],[0,6.848],[15.811,0],[0,-8.157]],"v":[[35.953,-7.755],[19.94,-8.862],[12.689,-14.2],[15.408,-19.537],[26.385,-17.12],[47.333,-34.543],[40.686,-47.836],[51.26,-47.836],[51.26,-50.656],[35.449,-50.656],[26.385,-52.167],[5.438,-34.543],[14.2,-20.142],[6.949,-9.869],[12.387,-2.014],[2.115,9.567],[24.573,21.35],[51.865,5.035]],"c":true},"ix":2},"nm":"g","mn":"ADBE Vector Shape - Group","hd":false},{"ind":1,"ty":"sh","ix":2,"ks":{"a":0,"k":{"i":[[-5.64,0],[0,-9.366],[5.64,0],[0,9.567]],"o":[[6.546,0],[0,7.755],[-6.445,0],[0,-7.654]],"v":[[25.681,-49.246],[36.658,-33.032],[27.09,-20.041],[16.113,-36.255]],"c":true},"ix":2},"nm":"g","mn":"ADBE Vector Shape - Group","hd":false},{"ind":2,"ty":"sh","ix":3,"ks":{"a":0,"k":{"i":[[9.567,0],[0,7.956],[-1.511,1.511],[-2.216,-0.201],[0,0],[0,-3.928]],"o":[[-9.869,0],[0,-3.424],[1.611,0.504],[0,0],[8.157,0.806],[0,5.74]],"v":[[27.997,18.732],[10.474,6.042],[14.2,-1.208],[19.94,-0.101],[34.341,1.108],[45.218,9.064]],"c":true},"ix":2},"nm":"g","mn":"ADBE Vector Shape - Group","hd":false}],"nm":"g","np":6,"cix":2,"bm":0,"ix":1,"mn":"ADBE Vector Group","hd":false}]},"fFamily":"Reckless Neue TRIAL"},{"ch":"C","size":50,"style":"Medium","w":67.2,"data":{"shapes":[{"ty":"gr","it":[{"ind":0,"ty":"sh","ix":1,"ks":{"a":0,"k":{"i":[[-18.933,0],[-3.122,14.099],[0,0],[10.474,0],[0.101,17.725],[-12.186,0],[-1.913,-9.366],[0,0],[12.689,0],[0,-21.149]],"o":[[13.998,0],[0,0],[-3.122,8.862],[-14.905,0],[0,-17.523],[8.057,0],[0,0],[-2.921,-9.467],[-20.645,0],[0.101,18.832]],"v":[[36.456,1.511],[64.151,-21.451],[62.842,-21.753],[41.19,-7.05],[15.61,-36.658],[36.255,-66.064],[52.368,-50.555],[62.741,-53.677],[37.363,-68.784],[4.129,-32.025]],"c":true},"ix":2},"nm":"C","mn":"ADBE Vector Shape - Group","hd":false}],"nm":"C","np":3,"cix":2,"bm":0,"ix":1,"mn":"ADBE Vector Group","hd":false}]},"fFamily":"Reckless Neue TRIAL"},{"ch":"p","size":50,"style":"Medium","w":59.9,"data":{"shapes":[{"ty":"gr","it":[{"ind":0,"ty":"sh","ix":1,"ks":{"a":0,"k":{"i":[[12.891,0],[2.719,-7.15],[0,0],[0,0],[0,0],[0,0],[0,0],[0,-3.323],[0,0],[4.23,-0.806],[0,0],[0,0],[0,0],[0,4.33],[0,0],[-5.64,0],[0,18.43]],"o":[[-6.647,0],[0,0],[0,0],[0,0],[0,0],[0,0],[3.625,0.302],[0,0],[0,4.33],[0,0],[0,0],[0,0],[-6.848,-0.806],[0,0],[2.719,3.827],[12.186,0],[0,-13.696]],"v":[[36.557,-52.167],[21.048,-40.485],[21.048,-52.167],[19.638,-52.167],[3.323,-47.635],[3.323,-46.225],[5.438,-46.124],[10.776,-40.787],[10.776,12.286],[3.827,18.43],[3.827,19.839],[30.515,19.839],[30.515,18.43],[21.048,12.286],[21.048,-4.733],[34.14,1.511],[57.202,-26.99]],"c":true},"ix":2},"nm":"p","mn":"ADBE Vector Shape - Group","hd":false},{"ind":1,"ty":"sh","ix":2,"ks":{"a":0,"k":{"i":[[7.452,0],[0,8.157],[0,0],[-5.136,0],[0,-10.776]],"o":[[-8.56,0],[0,0],[1.813,-5.237],[9.769,0],[0,11.682]],"v":[[33.435,-2.115],[21.048,-17.825],[21.048,-37.061],[32.529,-45.721],[46.426,-23.264]],"c":true},"ix":2},"nm":"p","mn":"ADBE Vector Shape - Group","hd":false}],"nm":"p","np":5,"cix":2,"bm":0,"ix":1,"mn":"ADBE Vector Group","hd":false}]},"fFamily":"Reckless Neue TRIAL"},{"ch":"a","size":50,"style":"Medium","w":52.9,"data":{"shapes":[{"ty":"gr","it":[{"ind":0,"ty":"sh","ix":1,"ks":{"a":0,"k":{"i":[[0,0],[0,3.625],[0,0],[12.085,0],[-5.438,-10.876],[0,0],[-7.755,0],[0,-9.366],[0,0],[0,0],[0,-9.97],[-7.956,0],[-2.719,7.956],[0,0],[0,0],[0,0],[0,0]],"o":[[-3.525,-0.302],[0,0],[0,-11.179],[-14.401,0],[0,0],[-3.223,-6.848],[6.848,0],[0,0],[0,0],[-16.818,3.122],[0,7.755],[7.855,0],[0,0],[0,0],[0,0],[0,0],[0,0]],"v":[[50.656,-4.633],[45.319,-9.97],[45.319,-33.939],[25.983,-52.167],[6.747,-31.219],[15.912,-34.241],[24.069,-49.347],[35.046,-34.341],[35.046,-30.716],[27.997,-29.306],[4.532,-11.581],[18.027,1.511],[35.046,-11.279],[35.046,1.511],[36.456,1.511],[52.771,-3.122],[52.771,-4.532]],"c":true},"ix":2},"nm":"a","mn":"ADBE Vector Shape - Group","hd":false},{"ind":1,"ty":"sh","ix":2,"ks":{"a":0,"k":{"i":[[0,0],[4.633,0],[0,5.438],[-8.862,1.712],[0,0]],"o":[[-2.216,5.539],[-5.035,0],[0,-6.647],[0,0],[0,0]],"v":[[35.046,-14.2],[23.566,-5.035],[15.005,-14.401],[28.4,-26.385],[35.046,-27.795]],"c":true},"ix":2},"nm":"a","mn":"ADBE Vector Shape - Group","hd":false}],"nm":"a","np":5,"cix":2,"bm":0,"ix":1,"mn":"ADBE Vector Group","hd":false}]},"fFamily":"Reckless Neue TRIAL"},{"ch":" ","size":50,"style":"Medium","w":23.2,"data":{},"fFamily":"Reckless Neue TRIAL"},{"ch":"A","size":50,"style":"Medium","w":75.8,"data":{"shapes":[{"ty":"gr","it":[{"ind":0,"ty":"sh","ix":1,"ks":{"a":0,"k":{"i":[[2.719,6.042],[0,0],[0,0],[0,0],[5.136,-0.604],[0,0],[0,0],[0,0],[-2.618,6.042],[0,0],[0,0],[0,0],[6.747,-0.604],[0,0],[0,0],[0,0]],"o":[[0,0],[0,0],[0,0],[-2.618,6.042],[0,0],[0,0],[0,0],[-6.949,-0.604],[0,0],[0,0],[0,0],[2.719,6.042],[0,0],[0,0],[0,0],[-5.539,-0.604]],"v":[[64.856,-9.97],[38.269,-68.784],[36.658,-68.784],[10.977,-9.97],[0.806,-1.41],[0.806,0],[19.638,0],[19.638,-1.41],[13.998,-9.97],[19.135,-21.854],[47.333,-21.854],[52.57,-9.97],[47.333,-1.41],[47.333,0],[75.531,0],[75.531,-1.41]],"c":true},"ix":2},"nm":"A","mn":"ADBE Vector Shape - Group","hd":false},{"ind":1,"ty":"sh","ix":2,"ks":{"a":0,"k":{"i":[[0,0],[0,0],[0,0]],"o":[[0,0],[0,0],[0,0]],"v":[[20.343,-24.673],[33.032,-54.282],[46.124,-24.673]],"c":true},"ix":2},"nm":"A","mn":"ADBE Vector Shape - Group","hd":false}],"nm":"A","np":5,"cix":2,"bm":0,"ix":1,"mn":"ADBE Vector Group","hd":false}]},"fFamily":"Reckless Neue TRIAL"},{"ch":"d","size":50,"style":"Medium","w":57.1,"data":{"shapes":[{"ty":"gr","it":[{"ind":0,"ty":"sh","ix":1,"ks":{"a":0,"k":{"i":[[-12.79,0],[-2.618,7.15],[0,0],[0,0],[0,0],[0,0],[0,0],[0,3.625],[0,0],[0,0],[0,0],[0,0],[0,0],[0,-3.525],[0,0],[5.74,0],[0,-18.53]],"o":[[6.747,0],[0,0],[0,0],[0,0],[0,0],[0,0],[-3.525,-0.302],[0,0],[0,0],[0,0],[0,0],[0,0],[3.525,0.302],[0,0],[-2.719,-3.827],[-12.085,0],[0,13.696]],"v":[[24.673,1.511],[40.283,-10.272],[40.283,1.511],[41.693,1.511],[58.008,-3.122],[58.008,-4.532],[55.893,-4.633],[50.555,-9.97],[50.555,-71.402],[49.146,-71.402],[32.831,-66.769],[32.831,-65.359],[34.946,-65.259],[40.283,-59.921],[40.283,-45.923],[27.09,-52.167],[4.129,-23.666]],"c":true},"ix":2},"nm":"d","mn":"ADBE Vector Shape - Group","hd":false},{"ind":1,"ty":"sh","ix":2,"ks":{"a":0,"k":{"i":[[5.136,0],[0,10.776],[-7.452,0],[0,-8.258],[0,0]],"o":[[-9.769,0],[0,-11.682],[8.56,0],[0,0],[-1.813,5.237]],"v":[[28.702,-4.935],[14.905,-27.493],[27.795,-48.642],[40.283,-32.831],[40.283,-13.696]],"c":true},"ix":2},"nm":"d","mn":"ADBE Vector Shape - Group","hd":false}],"nm":"d","np":5,"cix":2,"bm":0,"ix":1,"mn":"ADBE Vector Group","hd":false}]},"fFamily":"Reckless Neue TRIAL"},{"ch":"W","size":25,"style":"Leicht","w":99.26,"data":{"shapes":[{"ty":"gr","it":[{"ind":0,"ty":"sh","ix":1,"ks":{"a":0,"k":{"i":[[0,0],[0,0],[-1.237,-0.455],[-0.472,-0.651],[0,-0.748],[1.432,-4.036],[0,0],[0,0],[0,1.66],[-0.847,0.781],[-1.823,0],[0,0],[0,0],[0,0],[0,0],[-0.619,-0.195],[-0.814,-0.586],[-0.423,-0.618],[-0.684,-1.627],[0,0],[0,0],[0,0],[0,0],[0,1.14],[-0.912,0.781],[-1.726,0],[0,0],[0,0],[0,0],[0,0],[-1.123,-0.602],[-0.652,-1.237],[-1.465,-4.102],[0,0],[0,0],[0,0],[0,0],[0,0],[0,0],[-0.652,1.14],[-1.074,0.619],[-1.726,0],[0,0]],"o":[[0,0],[1.985,0],[0.716,0.261],[0.471,0.652],[0,1.562],[0,0],[0,0],[-1.465,-4.134],[0,-1.334],[0.846,-0.781],[0,0],[0,0],[0,0],[0,0],[1.334,0],[0.813,0.261],[0.618,0.423],[0.846,1.237],[0,0],[0,0],[0,0],[0,0],[-1.433,-4.102],[0,-1.106],[0.911,-0.781],[0,0],[0,0],[0,0],[0,0],[1.92,0],[1.123,0.603],[0.391,0.749],[0,0],[0,0],[0,0],[0,0],[0,0],[0,0],[1.399,-4.297],[0.977,-1.692],[1.074,-0.618],[0,0],[0,0]],"v":[[73.828,-66.211],[73.828,-64.404],[78.662,-63.721],[80.444,-62.354],[81.152,-60.254],[79.004,-51.855],[66.406,-15.381],[53.711,-51.367],[51.514,-60.059],[52.783,-63.232],[56.787,-64.404],[58.545,-64.404],[58.545,-66.211],[32.764,-66.211],[32.764,-64.404],[35.693,-64.111],[38.135,-62.842],[39.697,-61.279],[41.992,-56.982],[43.555,-52.539],[45.508,-46.973],[34.521,-15.381],[21.484,-52.539],[19.336,-60.4],[20.703,-63.232],[24.658,-64.404],[25.83,-64.404],[25.83,-66.211],[1.318,-66.211],[1.318,-64.404],[5.884,-63.501],[8.545,-60.742],[11.328,-53.467],[31.006,1.514],[32.764,1.514],[47.754,-40.82],[62.842,1.514],[64.795,1.514],[83.252,-51.855],[86.328,-60.01],[89.404,-63.477],[93.604,-64.404],[93.604,-66.211]],"c":true},"ix":2},"nm":"W","mn":"ADBE Vector Shape - Group","hd":false}],"nm":"W","np":3,"cix":2,"bm":0,"ix":1,"mn":"ADBE Vector Group","hd":false}]},"fFamily":"Söhne Test"},{"ch":"e","size":25,"style":"Leicht","w":54,"data":{"shapes":[{"ty":"gr","it":[{"ind":0,"ty":"sh","ix":1,"ks":{"a":0,"k":{"i":[[-14.301,0],[-2.82,9.467],[0,0],[7.956,0],[0.201,12.79],[0,0],[0,0],[14.2,0],[0,-15.912]],"o":[[10.474,0],[0,0],[-1.611,6.949],[-10.172,0],[0,0],[0,0],[0,-14.603],[-13.998,0],[0,16.214]],"v":[[28.5,1.007],[49.347,-14.301],[43.304,-16.214],[28.5,-4.834],[11.078,-25.781],[49.75,-25.781],[49.75,-27.997],[28.198,-53.577],[4.733,-26.285]],"c":true},"ix":2},"nm":"e","mn":"ADBE Vector Shape - Group","hd":false},{"ind":1,"ty":"sh","ix":2,"ks":{"a":0,"k":{"i":[[-8.762,0],[-0.201,-8.661],[0,0]],"o":[[10.272,0],[0,0],[1.511,-10.373]],"v":[[28.198,-47.736],[43.002,-31.018],[11.38,-31.018]],"c":true},"ix":2},"nm":"e","mn":"ADBE Vector Shape - Group","hd":false}],"nm":"e","np":5,"cix":2,"bm":0,"ix":1,"mn":"ADBE Vector Group","hd":false}]},"fFamily":"Söhne Test"},{"ch":" ","size":25,"style":"Leicht","w":21.6,"data":{},"fFamily":"Söhne Test"},{"ch":"k","size":25,"style":"Leicht","w":52.4,"data":{"shapes":[{"ty":"gr","it":[{"ind":0,"ty":"sh","ix":1,"ks":{"a":0,"k":{"i":[[0,0],[0,0],[0,0],[0,0],[0,0],[0,0],[0,0],[0,0],[0,0],[0,0],[0,0],[0,0]],"o":[[0,0],[0,0],[0,0],[0,0],[0,0],[0,0],[0,0],[0,0],[0,0],[0,0],[0,0],[0,0]],"v":[[15.106,-72.308],[8.459,-72.308],[8.459,0],[15.106,0],[15.106,-18.329],[23.666,-26.889],[43.304,0],[51.16,0],[28.299,-31.522],[49.448,-52.57],[40.887,-52.57],[15.106,-26.083]],"c":true},"ix":2},"nm":"k","mn":"ADBE Vector Shape - Group","hd":false}],"nm":"k","np":3,"cix":2,"bm":0,"ix":1,"mn":"ADBE Vector Group","hd":false}]},"fFamily":"Söhne Test"},{"ch":"n","size":25,"style":"Leicht","w":56.6,"data":{"shapes":[{"ty":"gr","it":[{"ind":0,"ty":"sh","ix":1,"ks":{"a":0,"k":{"i":[[0,0],[0,0],[0,0],[-7.352,0],[0,-8.157],[0,0],[0,0],[0,0],[11.38,0],[3.021,-5.136],[0,0],[0,0]],"o":[[0,0],[0,0],[0,-9.668],[8.762,0],[0,0],[0,0],[0,0],[0,-11.179],[-7.956,0],[0,0],[0,0],[0,0]],"v":[[8.459,0],[15.106,0],[15.106,-31.824],[30.112,-47.333],[42.398,-33.032],[42.398,0],[49.045,0],[49.045,-34.543],[31.723,-53.577],[15.106,-44.11],[15.106,-52.57],[8.459,-52.57]],"c":true},"ix":2},"nm":"n","mn":"ADBE Vector Shape - Group","hd":false}],"nm":"n","np":3,"cix":2,"bm":0,"ix":1,"mn":"ADBE Vector Group","hd":false}]},"fFamily":"Söhne Test"},{"ch":"o","size":25,"style":"Leicht","w":56.2,"data":{"shapes":[{"ty":"gr","it":[{"ind":0,"ty":"sh","ix":1,"ks":{"a":0,"k":{"i":[[0,16.214],[14.099,0],[0,-16.214],[-14.099,0]],"o":[[0,-16.214],[-14.099,0],[0,16.214],[14.099,0]],"v":[[51.965,-26.285],[28.299,-53.577],[4.733,-26.285],[28.299,1.007]],"c":true},"ix":2},"nm":"o","mn":"ADBE Vector Shape - Group","hd":false},{"ind":1,"ty":"sh","ix":2,"ks":{"a":0,"k":{"i":[[0,13.092],[-10.172,0],[0,-12.991],[10.172,0]],"o":[[0,-12.991],[10.172,0],[0,13.092],[-10.172,0]],"v":[[11.38,-26.285],[28.299,-47.836],[45.218,-26.285],[28.299,-4.733]],"c":true},"ix":2},"nm":"o","mn":"ADBE Vector Shape - Group","hd":false}],"nm":"o","np":5,"cix":2,"bm":0,"ix":1,"mn":"ADBE Vector Group","hd":false}]},"fFamily":"Söhne Test"},{"ch":"w","size":25,"style":"Leicht","w":72,"data":{"shapes":[{"ty":"gr","it":[{"ind":0,"ty":"sh","ix":1,"ks":{"a":0,"k":{"i":[[0,0],[0,0],[0,0],[0,0],[0,0],[0,0],[0,0],[0,0],[0,0],[0,0],[0,0],[0,0],[0,0]],"o":[[0,0],[0,0],[0,0],[0,0],[0,0],[0,0],[0,0],[0,0],[0,0],[0,0],[0,0],[0,0],[0,0]],"v":[[33.536,-52.57],[21.552,-9.97],[9.064,-52.57],[2.216,-52.57],[18.329,0],[24.17,0],[36.356,-42.599],[48.34,0],[54.181,0],[70.294,-52.57],[63.647,-52.57],[51.26,-9.869],[39.276,-52.57]],"c":true},"ix":2},"nm":"w","mn":"ADBE Vector Shape - Group","hd":false}],"nm":"w","np":3,"cix":2,"bm":0,"ix":1,"mn":"ADBE Vector Group","hd":false}]},"fFamily":"Söhne Test"},{"ch":"i","size":25,"style":"Leicht","w":23.4,"data":{"shapes":[{"ty":"gr","it":[{"ind":0,"ty":"sh","ix":1,"ks":{"a":0,"k":{"i":[[0,0],[0,0],[0,0],[0,0]],"o":[[0,0],[0,0],[0,0],[0,0]],"v":[[7.956,-63.345],[15.71,-63.345],[15.71,-72.308],[7.956,-72.308]],"c":true},"ix":2},"nm":"i","mn":"ADBE Vector Shape - Group","hd":false},{"ind":1,"ty":"sh","ix":2,"ks":{"a":0,"k":{"i":[[0,0],[0,0],[0,0],[0,0]],"o":[[0,0],[0,0],[0,0],[0,0]],"v":[[15.106,-52.57],[8.459,-52.57],[8.459,0],[15.106,0]],"c":true},"ix":2},"nm":"i","mn":"ADBE Vector Shape - Group","hd":false}],"nm":"i","np":5,"cix":2,"bm":0,"ix":1,"mn":"ADBE Vector Group","hd":false}]},"fFamily":"Söhne Test"},{"ch":"s","size":25,"style":"Leicht","w":47.9,"data":{"shapes":[{"ty":"gr","it":[{"ind":0,"ty":"sh","ix":1,"ks":{"a":0,"k":{"i":[[0,0],[-9.265,0],[0,9.567],[9.265,2.216],[0,5.841],[-6.949,0],[-2.316,-5.74],[0,0],[9.567,0],[0,-9.064],[-8.963,-2.115],[0,-6.546],[6.848,0],[2.518,7.05]],"o":[[3.525,8.862],[10.776,0],[0,-10.977],[-7.855,-1.813],[0,-5.74],[7.352,0],[0,0],[-2.518,-6.647],[-10.373,0],[0,10.474],[8.862,2.014],[0,6.546],[-7.352,0],[0,0]],"v":[[2.417,-11.984],[24.673,1.007],[44.11,-14.905],[25.278,-29.91],[12.085,-38.672],[23.666,-47.937],[38.269,-38.47],[43.405,-41.895],[23.969,-53.577],[5.64,-38.37],[23.264,-24.069],[37.665,-14.502],[24.673,-4.532],[7.855,-15.61]],"c":true},"ix":2},"nm":"s","mn":"ADBE Vector Shape - Group","hd":false}],"nm":"s","np":3,"cix":2,"bm":0,"ix":1,"mn":"ADBE Vector Group","hd":false}]},"fFamily":"Söhne Test"},{"ch":"l","size":25,"style":"Leicht","w":23.4,"data":{"shapes":[{"ty":"gr","it":[{"ind":0,"ty":"sh","ix":1,"ks":{"a":0,"k":{"i":[[0,0],[0,0],[0,0],[0,0]],"o":[[0,0],[0,0],[0,0],[0,0]],"v":[[15.106,-72.308],[8.459,-72.308],[8.459,0],[15.106,0]],"c":true},"ix":2},"nm":"l","mn":"ADBE Vector Shape - Group","hd":false}],"nm":"l","np":3,"cix":2,"bm":0,"ix":1,"mn":"ADBE Vector Group","hd":false}]},"fFamily":"Söhne Test"},{"ch":"v","size":25,"style":"Leicht","w":50.5,"data":{"shapes":[{"ty":"gr","it":[{"ind":0,"ty":"sh","ix":1,"ks":{"a":0,"k":{"i":[[0,0],[0,0],[0,0],[0,0],[0,0],[0,0],[0,0]],"o":[[0,0],[0,0],[0,0],[0,0],[0,0],[0,0],[0,0]],"v":[[28.601,0],[48.642,-52.57],[41.693,-52.57],[25.479,-8.359],[9.265,-52.57],[2.216,-52.57],[22.256,0]],"c":true},"ix":2},"nm":"v","mn":"ADBE Vector Shape - Group","hd":false}],"nm":"v","np":3,"cix":2,"bm":0,"ix":1,"mn":"ADBE Vector Group","hd":false}]},"fFamily":"Söhne Test"},{"ch":"c","size":25,"style":"Leicht","w":52.1,"data":{"shapes":[{"ty":"gr","it":[{"ind":0,"ty":"sh","ix":1,"ks":{"a":0,"k":{"i":[[0,13.092],[-10.272,0],[-1.611,-7.05],[0,0],[10.574,0],[0,-16.214],[-14.301,0],[-2.316,9.164],[0,0],[7.956,0]],"o":[[0,-12.991],[7.956,0],[0,0],[-2.417,-9.064],[-14.301,0],[0,16.315],[10.675,0],[0,0],[-1.611,7.05],[-10.272,0]],"v":[[11.38,-26.285],[28.601,-47.736],[42.801,-35.651],[48.743,-38.168],[28.601,-53.577],[4.733,-26.285],[28.601,1.007],[48.843,-14.502],[42.801,-16.919],[28.601,-4.834]],"c":true},"ix":2},"nm":"c","mn":"ADBE Vector Shape - Group","hd":false}],"nm":"c","np":3,"cix":2,"bm":0,"ix":1,"mn":"ADBE Vector Group","hd":false}]},"fFamily":"Söhne Test"},{"ch":"y","size":25,"style":"Leicht","w":50.5,"data":{"shapes":[{"ty":"gr","it":[{"ind":0,"ty":"sh","ix":1,"ks":{"a":0,"k":{"i":[[-3.122,7.855],[0,0],[0,0],[0,0],[0,0],[0,0],[0,0],[0,0],[3.827,0],[1.813,0.604],[0,0],[-2.014,0]],"o":[[0,0],[0,0],[0,0],[0,0],[0,0],[0,0],[0,0],[-2.417,5.942],[-1.611,0],[0,0],[1.611,0.403],[7.855,0]],"v":[[25.378,6.445],[48.642,-52.57],[41.693,-52.57],[25.479,-9.668],[9.265,-52.57],[2.216,-52.57],[21.954,-1.813],[18.933,5.438],[10.474,13.092],[5.942,12.387],[5.942,18.329],[10.776,18.933]],"c":true},"ix":2},"nm":"y","mn":"ADBE Vector Shape - Group","hd":false}],"nm":"y","np":3,"cix":2,"bm":0,"ix":1,"mn":"ADBE Vector Group","hd":false}]},"fFamily":"Söhne Test"},{"ch":"t","size":25,"style":"Leicht","w":34.1,"data":{"shapes":[{"ty":"gr","it":[{"ind":0,"ty":"sh","ix":1,"ks":{"a":0,"k":{"i":[[0,0],[-8.157,0],[-2.417,0.604],[0,0],[2.216,0],[0,6.042],[0,0],[0,0],[0,0],[0,0],[0,0],[0,0],[0,0],[0,0],[0,0],[0,0]],"o":[[0,9.467],[3.021,0],[0,0],[-2.316,0.604],[-5.035,0],[0,0],[0,0],[0,0],[0,0],[0,0],[0,0],[0,0],[0,0],[0,0],[0,0],[0,0]],"v":[[10.172,-11.984],[23.163,0.504],[30.817,-0.403],[30.817,-6.244],[24.472,-5.438],[16.718,-12.991],[16.718,-46.829],[29.407,-46.829],[29.407,-52.57],[16.718,-52.57],[16.718,-67.776],[10.172,-67.776],[10.172,-52.57],[1.41,-52.57],[1.41,-46.829],[10.172,-46.829]],"c":true},"ix":2},"nm":"t","mn":"ADBE Vector Shape - Group","hd":false}],"nm":"t","np":3,"cix":2,"bm":0,"ix":1,"mn":"ADBE Vector Group","hd":false}]},"fFamily":"Söhne Test"},{"ch":"u","size":25,"style":"Leicht","w":56.6,"data":{"shapes":[{"ty":"gr","it":[{"ind":0,"ty":"sh","ix":1,"ks":{"a":0,"k":{"i":[[0,0],[0,0],[0,0],[7.352,0],[0,8.157],[0,0],[0,0],[0,0],[-11.279,0],[-2.921,5.136],[0,0],[0,0]],"o":[[0,0],[0,0],[0,9.769],[-8.762,0],[0,0],[0,0],[0,0],[0,11.179],[7.956,0],[0,0],[0,0],[0,0]],"v":[[48.441,-52.57],[41.794,-52.57],[41.794,-20.645],[26.889,-5.136],[14.502,-19.135],[14.502,-52.57],[7.855,-52.57],[7.855,-17.926],[25.278,1.007],[41.794,-8.459],[41.794,0],[48.441,0]],"c":true},"ix":2},"nm":"u","mn":"ADBE Vector Shape - Group","hd":false}],"nm":"u","np":3,"cix":2,"bm":0,"ix":1,"mn":"ADBE Vector Group","hd":false}]},"fFamily":"Söhne Test"},{"ch":"g","size":25,"style":"Leicht","w":59.1,"data":{"shapes":[{"ty":"gr","it":[{"ind":0,"ty":"sh","ix":1,"ks":{"a":0,"k":{"i":[[0,15.408],[0,0],[0,0],[0,0],[7.654,0],[0,-14.301],[-14.502,0],[-2.82,6.143],[0,0],[10.272,0],[1.813,7.352],[0,0],[-10.977,0]],"o":[[0,0],[0,0],[0,0],[-2.82,-6.244],[-14.502,0],[0,14.099],[7.755,0],[0,0],[0,11.984],[-7.855,0],[0,0],[2.618,9.164],[13.797,0]],"v":[[51.16,-4.33],[51.16,-52.57],[44.513,-52.57],[44.513,-43.002],[27.594,-53.577],[4.733,-27.292],[27.594,-1.108],[44.513,-11.581],[44.513,-3.928],[27.695,13.495],[11.984,2.014],[5.64,4.532],[27.695,19.135]],"c":true},"ix":2},"nm":"g","mn":"ADBE Vector Shape - Group","hd":false},{"ind":1,"ty":"sh","ix":2,"ks":{"a":0,"k":{"i":[[0,-13.495],[0,0],[7.553,0],[0,11.984],[-10.574,0]],"o":[[0,0],[0,13.193],[-10.574,0],[0,-12.085],[7.553,0]],"v":[[44.614,-28.5],[44.614,-25.882],[28.5,-6.949],[11.481,-27.292],[28.5,-47.635]],"c":true},"ix":2},"nm":"g","mn":"ADBE Vector Shape - Group","hd":false}],"nm":"g","np":5,"cix":2,"bm":0,"ix":1,"mn":"ADBE Vector Group","hd":false}]},"fFamily":"Söhne Test"},{"ch":"h","size":25,"style":"Leicht","w":56.6,"data":{"shapes":[{"ty":"gr","it":[{"ind":0,"ty":"sh","ix":1,"ks":{"a":0,"k":{"i":[[0,0],[0,0],[0,0],[-7.352,0],[0,-8.157],[0,0],[0,0],[0,0],[11.38,0],[3.021,-5.136],[0,0],[0,0]],"o":[[0,0],[0,0],[0,-9.668],[8.762,0],[0,0],[0,0],[0,0],[0,-11.179],[-7.956,0],[0,0],[0,0],[0,0]],"v":[[8.459,0],[15.106,0],[15.106,-31.824],[30.112,-47.333],[42.398,-33.032],[42.398,0],[49.045,0],[49.045,-34.543],[31.723,-53.577],[15.106,-44.11],[15.106,-72.308],[8.459,-72.308]],"c":true},"ix":2},"nm":"h","mn":"ADBE Vector Shape - Group","hd":false}],"nm":"h","np":3,"cix":2,"bm":0,"ix":1,"mn":"ADBE Vector Group","hd":false}]},"fFamily":"Söhne Test"},{"ch":".","size":25,"style":"Leicht","w":22.1,"data":{"shapes":[{"ty":"gr","it":[{"ind":0,"ty":"sh","ix":1,"ks":{"a":0,"k":{"i":[[0,0],[0,0],[0,0],[0,0]],"o":[[0,0],[0,0],[0,0],[0,0]],"v":[[6.647,0],[15.61,0],[15.61,-9.668],[6.647,-9.668]],"c":true},"ix":2},"nm":".","mn":"ADBE Vector Shape - Group","hd":false}],"nm":".","np":3,"cix":2,"bm":0,"ix":1,"mn":"ADBE Vector Group","hd":false}]},"fFamily":"Söhne Test"},{"ch":"\r","size":25,"style":"Leicht","w":0,"fFamily":"Söhne Test"},{"ch":"’","size":25,"style":"Leicht","w":25.88,"data":{"shapes":[{"ty":"gr","it":[{"ind":0,"ty":"sh","ix":1,"ks":{"a":0,"k":{"i":[[-1.921,2.084],[0,3.841],[1.741,1.839],[2.18,0],[1.367,-1.237],[0,-1.627],[-1.009,-0.977],[-1.302,0],[-0.847,0.293],[-0.359,0],[-0.391,-0.488],[0,-1.009],[0.846,-1.237],[3.352,-1.985],[0,0]],"o":[[2.897,-3.157],[0,-2.734],[-1.742,-1.839],[-1.888,0],[-1.009,0.912],[0,1.465],[1.009,0.977],[0.553,0],[0.586,-0.227],[0.455,0],[0.358,0.488],[0,1.726],[-1.205,1.726],[0,0],[3.645,-1.367]],"v":[[19.971,-47.607],[24.316,-58.105],[21.704,-64.966],[15.82,-67.725],[10.938,-65.869],[9.424,-62.061],[10.938,-58.398],[14.404,-56.934],[16.504,-57.373],[17.92,-57.715],[19.189,-56.982],[19.727,-54.736],[18.457,-50.293],[11.621,-44.727],[11.621,-42.432]],"c":true},"ix":2},"nm":"’","mn":"ADBE Vector Shape - Group","hd":false}],"nm":"’","np":3,"cix":2,"bm":0,"ix":1,"mn":"ADBE Vector Group","hd":false}]},"fFamily":"Söhne Test"},{"ch":"d","size":25,"style":"Leicht","w":50.4,"data":{"shapes":[{"ty":"gr","it":[{"ind":0,"ty":"sh","ix":1,"ks":{"a":0,"k":{"i":[[0,0],[0,0],[0,0],[0,0],[0.879,0],[0.537,0.456],[0.244,1.156],[0,5.241],[0,0],[0,0],[0,0],[0,0],[-0.847,0],[-0.521,-0.423],[-0.244,-1.172],[0,-5.11],[0,0],[3.938,0],[4.036,-5.322],[0,-6.413],[-3.646,-4.085],[-4.883,0],[-2.084,0.993],[-2.181,2.279]],"o":[[0,0],[0,0],[0,0],[-1.465,0.554],[-0.716,0],[-0.537,-0.455],[-0.244,-1.155],[0,0],[0,0],[0,0],[0,0],[1.399,-0.52],[0.781,0],[0.52,0.423],[0.244,1.172],[0,0],[-2.572,-2.506],[-6.348,0],[-4.037,5.322],[0,6.413],[3.645,4.086],[2.409,0],[2.083,-0.993],[0,0]],"v":[[34.717,1.367],[36.963,1.367],[50.244,-4.15],[49.707,-5.859],[46.191,-5.029],[44.312,-5.713],[43.14,-8.13],[42.773,-17.725],[42.773,-69.434],[40.576,-69.434],[27.246,-63.965],[27.881,-62.256],[31.25,-63.037],[33.203,-62.402],[34.351,-60.01],[34.717,-50.586],[34.717,-42.334],[24.951,-46.094],[9.375,-38.11],[3.32,-20.508],[8.789,-4.761],[21.582,1.367],[28.32,-0.122],[34.717,-5.029]],"c":true},"ix":2},"nm":"d","mn":"ADBE Vector Shape - Group","hd":false},{"ind":1,"ty":"sh","ix":2,"ks":{"a":0,"k":{"i":[[2.962,0],[2.864,3.5],[0,6.576],[-2.962,3.386],[-2.865,0],[-1.611,-0.928],[-0.977,-1.823],[-0.195,-2.213],[0,0]],"o":[[-3.516,0],[-2.865,-3.499],[0,-6.51],[2.246,-2.571],[1.53,0],[1.611,0.928],[0.977,1.823],[0,0],[-2.767,2.962]],"v":[[26.123,-4.004],[16.553,-9.253],[12.256,-24.365],[16.699,-39.209],[24.365,-43.066],[29.077,-41.675],[32.959,-37.549],[34.717,-31.494],[34.717,-8.447]],"c":true},"ix":2},"nm":"d","mn":"ADBE Vector Shape - Group","hd":false}],"nm":"d","np":5,"cix":2,"bm":0,"ix":1,"mn":"ADBE Vector Group","hd":false}]},"fFamily":"Söhne Test"},{"ch":"r","size":25,"style":"Leicht","w":36.2,"data":{"shapes":[{"ty":"gr","it":[{"ind":0,"ty":"sh","ix":1,"ks":{"a":0,"k":{"i":[[0,0],[1.511,0],[2.316,-5.74],[0,0],[0,0],[0,0],[0,0],[0,0],[-7.654,0],[-1.41,-0.302]],"o":[[-0.906,-0.201],[-7.452,0],[0,0],[0,0],[0,0],[0,0],[0,0],[0,-10.071],[1.611,0],[0,0]],"v":[[33.636,-52.67],[29.81,-53.073],[15.106,-42.599],[15.106,-52.57],[8.459,-52.57],[8.459,0],[15.106,0],[15.106,-29.507],[29.306,-46.426],[33.636,-46.024]],"c":true},"ix":2},"nm":"r","mn":"ADBE Vector Shape - Group","hd":false}],"nm":"r","np":3,"cix":2,"bm":0,"ix":1,"mn":"ADBE Vector Group","hd":false}]},"fFamily":"Söhne Test"},{"ch":"b","size":25,"style":"Leicht","w":59.3,"data":{"shapes":[{"ty":"gr","it":[{"ind":0,"ty":"sh","ix":1,"ks":{"a":0,"k":{"i":[[-7.855,0],[0,14.905],[14.401,0],[3.122,-6.244],[0,0],[0,0],[0,0],[0,0],[0,0]],"o":[[14.401,0],[0,-14.804],[-7.855,0],[0,0],[0,0],[0,0],[0,0],[0,0],[3.122,6.244]],"v":[[32.428,1.007],[54.987,-26.285],[32.428,-53.577],[15.106,-43.204],[15.106,-72.308],[8.459,-72.308],[8.459,0],[15.106,0],[15.106,-9.366]],"c":true},"ix":2},"nm":"b","mn":"ADBE Vector Shape - Group","hd":false},{"ind":1,"ty":"sh","ix":2,"ks":{"a":0,"k":{"i":[[0,0],[-7.251,0],[0,-12.387],[10.776,0],[0,13.898]],"o":[[0,-14.099],[10.776,0],[0,12.387],[-7.251,0],[0,0]],"v":[[15.005,-28.299],[31.32,-47.635],[48.34,-26.285],[31.32,-4.834],[15.005,-23.969]],"c":true},"ix":2},"nm":"b","mn":"ADBE Vector Shape - Group","hd":false}],"nm":"b","np":5,"cix":2,"bm":0,"ix":1,"mn":"ADBE Vector Group","hd":false}]},"fFamily":"Söhne Test"},{"ch":"p","size":25,"style":"Leicht","w":59.3,"data":{"shapes":[{"ty":"gr","it":[{"ind":0,"ty":"sh","ix":1,"ks":{"a":0,"k":{"i":[[-7.855,0],[0,14.905],[14.401,0],[3.122,-6.244],[0,0],[0,0],[0,0],[0,0],[0,0]],"o":[[14.401,0],[0,-14.804],[-7.855,0],[0,0],[0,0],[0,0],[0,0],[0,0],[3.122,6.244]],"v":[[32.428,1.007],[54.987,-26.285],[32.428,-53.577],[15.106,-43.204],[15.106,-52.57],[8.459,-52.57],[8.459,18.127],[15.106,18.127],[15.106,-9.366]],"c":true},"ix":2},"nm":"p","mn":"ADBE Vector Shape - Group","hd":false},{"ind":1,"ty":"sh","ix":2,"ks":{"a":0,"k":{"i":[[0,0],[-7.251,0],[0,-12.387],[10.776,0],[0,13.898]],"o":[[0,-14.099],[10.776,0],[0,12.387],[-7.251,0],[0,0]],"v":[[15.005,-28.299],[31.32,-47.635],[48.34,-26.285],[31.32,-4.834],[15.005,-23.969]],"c":true},"ix":2},"nm":"p","mn":"ADBE Vector Shape - Group","hd":false}],"nm":"p","np":5,"cix":2,"bm":0,"ix":1,"mn":"ADBE Vector Group","hd":false}]},"fFamily":"Söhne Test"},{"ch":"m","size":25,"style":"Leicht","w":87.4,"data":{"shapes":[{"ty":"gr","it":[{"ind":0,"ty":"sh","ix":1,"ks":{"a":0,"k":{"i":[[0,0],[-6.747,0],[0,-8.157],[0,0],[0,0],[0,0],[-6.848,0],[0,-8.157],[0,0],[0,0],[0,0],[10.776,0],[2.719,-5.136],[7.553,0],[2.82,-5.035],[0,0],[0,0],[0,0],[0,0]],"o":[[0,-9.265],[8.359,0],[0,0],[0,0],[0,0],[0,-9.265],[8.359,0],[0,0],[0,0],[0,0],[0,-11.179],[-8.258,0],[-2.316,-6.244],[-7.654,0],[0,0],[0,0],[0,0],[0,0],[0,0]],"v":[[15.106,-32.025],[29.205,-47.333],[40.988,-33.032],[40.988,0],[47.635,0],[47.635,-32.025],[61.734,-47.333],[73.517,-33.032],[73.517,0],[80.164,0],[80.164,-34.543],[63.144,-53.577],[46.024,-43.304],[31.018,-53.577],[15.106,-44.11],[15.106,-52.57],[8.459,-52.57],[8.459,0],[15.106,0]],"c":true},"ix":2},"nm":"m","mn":"ADBE Vector Shape - Group","hd":false}],"nm":"m","np":3,"cix":2,"bm":0,"ix":1,"mn":"ADBE Vector Group","hd":false}]},"fFamily":"Söhne Test"},{"ch":"A","size":25,"style":"Leicht","w":67.8,"data":{"shapes":[{"ty":"gr","it":[{"ind":0,"ty":"sh","ix":1,"ks":{"a":0,"k":{"i":[[0,0],[0,0],[0,0],[0,0],[0,0],[0,0],[0,0],[0,0]],"o":[[0,0],[0,0],[0,0],[0,0],[0,0],[0,0],[0,0],[0,0]],"v":[[30.313,-72.308],[2.216,0],[9.265,0],[17.422,-21.048],[50.757,-21.048],[58.914,0],[66.165,0],[37.967,-72.308]],"c":true},"ix":2},"nm":"A","mn":"ADBE Vector Shape - Group","hd":false},{"ind":1,"ty":"sh","ix":2,"ks":{"a":0,"k":{"i":[[0,0],[0,0],[0,0]],"o":[[0,0],[0,0],[0,0]],"v":[[34.039,-64.252],[48.34,-27.191],[19.739,-27.191]],"c":true},"ix":2},"nm":"A","mn":"ADBE Vector Shape - Group","hd":false}],"nm":"A","np":5,"cix":2,"bm":0,"ix":1,"mn":"ADBE Vector Group","hd":false}]},"fFamily":"Söhne Test"},{"ch":"a","size":25,"style":"Leicht","w":52.2,"data":{"shapes":[{"ty":"gr","it":[{"ind":0,"ty":"sh","ix":1,"ks":{"a":0,"k":{"i":[[-9.164,0],[-3.021,4.33],[-7.654,1.108],[0,0],[0,3.726],[0,0],[11.179,0],[2.518,-8.459],[0,0],[-7.251,0],[0,-6.848],[0,0],[0,0],[0,-10.574]],"o":[[7.452,0],[0.504,5.841],[0,0],[-3.726,1.108],[0,0],[0,-10.574],[-10.071,0],[0,0],[1.712,-6.546],[7.654,0],[0,0],[0,0],[-13.092,2.618],[0,9.668]],"v":[[20.947,1.007],[37.665,-6.848],[50.455,0.101],[50.455,-5.539],[43.909,-9.366],[43.909,-37.363],[25.882,-53.577],[5.64,-39.478],[11.984,-37.564],[25.681,-47.635],[37.262,-37.061],[37.262,-33.838],[25.882,-31.522],[4.028,-13.898]],"c":true},"ix":2},"nm":"a","mn":"ADBE Vector Shape - Group","hd":false},{"ind":1,"ty":"sh","ix":2,"ks":{"a":0,"k":{"i":[[0,0],[8.862,0],[0,5.74],[-10.474,2.115],[0,0]],"o":[[0,6.949],[-6.647,0],[0,-7.855],[0,0],[0,0]],"v":[[37.262,-17.422],[21.652,-4.532],[10.776,-13.998],[27.795,-26.486],[37.262,-28.5]],"c":true},"ix":2},"nm":"a","mn":"ADBE Vector Shape - Group","hd":false}],"nm":"a","np":5,"cix":2,"bm":0,"ix":1,"mn":"ADBE Vector Group","hd":false}]},"fFamily":"Söhne Test"},{"ch":"f","size":25,"style":"Leicht","w":31.4,"data":{"shapes":[{"ty":"gr","it":[{"ind":0,"ty":"sh","ix":1,"ks":{"a":0,"k":{"i":[[0,0],[1.813,0],[0,-9.668],[0,0],[0,0],[0,0],[0,0],[0,0],[0,0],[0,0],[0,0],[0,0],[0,0],[0,0],[-5.74,0],[-1.611,-0.201]],"o":[[-1.712,-0.302],[-9.668,0],[0,0],[0,0],[0,0],[0,0],[0,0],[0,0],[0,0],[0,0],[0,0],[0,0],[0,0],[0,-7.352],[1.712,0],[0,0]],"v":[[30.212,-73.013],[25.479,-73.315],[10.373,-57.404],[10.373,-52.57],[2.115,-52.57],[2.115,-46.829],[10.373,-46.829],[10.373,0],[17.12,0],[17.12,-46.829],[29.608,-46.829],[29.608,-52.57],[17.12,-52.57],[17.12,-56.9],[25.983,-67.374],[30.212,-67.072]],"c":true},"ix":2},"nm":"f","mn":"ADBE Vector Shape - Group","hd":false}],"nm":"f","np":3,"cix":2,"bm":0,"ix":1,"mn":"ADBE Vector Group","hd":false}]},"fFamily":"Söhne Test"},{"ch":"L","size":25,"style":"Leicht","w":55.1,"data":{"shapes":[{"ty":"gr","it":[{"ind":0,"ty":"sh","ix":1,"ks":{"a":0,"k":{"i":[[0,0],[0,0],[0,0],[0,0],[0,0],[0,0]],"o":[[0,0],[0,0],[0,0],[0,0],[0,0],[0,0]],"v":[[8.862,0],[53.677,0],[53.677,-6.143],[15.912,-6.143],[15.912,-72.308],[8.862,-72.308]],"c":true},"ix":2},"nm":"L","mn":"ADBE Vector Shape - Group","hd":false}],"nm":"L","np":3,"cix":2,"bm":0,"ix":1,"mn":"ADBE Vector Group","hd":false}]},"fFamily":"Söhne Test"},{"ch":",","size":25,"style":"Leicht","w":22.1,"data":{"shapes":[{"ty":"gr","it":[{"ind":0,"ty":"sh","ix":1,"ks":{"a":0,"k":{"i":[[0,0],[0,0],[0,0],[4.532,-0.302],[0,0],[0,7.352],[0,0],[0,0]],"o":[[0,0],[0,0],[0,5.035],[0,0],[7.553,-0.201],[0,0],[0,0],[0,0]],"v":[[6.647,0],[10.675,0],[10.675,0.806],[3.625,8.661],[3.625,12.589],[15.61,0.504],[15.61,-9.668],[6.647,-9.668]],"c":true},"ix":2},"nm":",","mn":"ADBE Vector Shape - Group","hd":false}],"nm":",","np":3,"cix":2,"bm":0,"ix":1,"mn":"ADBE Vector Group","hd":false}]},"fFamily":"Söhne Test"},{"ch":"x","size":25,"style":"Leicht","w":50.6,"data":{"shapes":[{"ty":"gr","it":[{"ind":0,"ty":"sh","ix":1,"ks":{"a":0,"k":{"i":[[0,0],[0,0],[0,0],[0,0],[0,0],[0,0],[0,0],[0,0],[0,0],[0,0],[0,0],[0,0]],"o":[[0,0],[0,0],[0,0],[0,0],[0,0],[0,0],[0,0],[0,0],[0,0],[0,0],[0,0],[0,0]],"v":[[41.492,0],[49.146,0],[29.407,-27.594],[47.232,-52.57],[39.78,-52.57],[25.479,-32.529],[11.38,-52.57],[3.726,-52.57],[21.552,-27.594],[1.813,0],[9.164,0],[25.378,-22.659]],"c":true},"ix":2},"nm":"x","mn":"ADBE Vector Shape - Group","hd":false}],"nm":"x","np":3,"cix":2,"bm":0,"ix":1,"mn":"ADBE Vector Group","hd":false}]},"fFamily":"Söhne Test"},{"ch":"?","size":25,"style":"Leicht","w":44.38,"data":{"shapes":[{"ty":"gr","it":[{"ind":0,"ty":"sh","ix":1,"ks":{"a":0,"k":{"i":[[-1.058,2.23],[-4.72,5.339],[-1.058,2.507],[0,2.377],[2.344,2.865],[6.705,0],[3.157,-2.832],[0,-3.678],[-1.123,-1.35],[-1.367,0],[-0.749,0.798],[0,1.172],[0.977,1.758],[0,1.205],[-1.628,1.335],[-2.832,0],[-2.197,-2.441],[0,-4.134],[0.586,-1.969],[1.953,-3.678],[0.797,-2.686],[0.227,-4.102],[0,0]],"o":[[1.057,-2.229],[2.962,-3.385],[1.057,-2.506],[0,-3.483],[-3.158,-3.906],[-5.404,0],[-3.158,2.832],[0,2.409],[1.123,1.351],[1.074,0],[0.748,-0.797],[0,-0.911],[-0.977,-1.758],[0,-1.562],[1.627,-1.334],[3.19,0],[2.197,2.441],[0,2.019],[-0.586,1.97],[-2.507,4.785],[-0.798,2.686],[0,0],[0.227,-3.906]],"v":[[24.097,-24.829],[32.764,-36.182],[38.794,-45.02],[40.381,-52.344],[36.865,-61.865],[22.07,-67.725],[9.229,-63.477],[4.492,-53.711],[6.177,-48.071],[9.912,-46.045],[12.646,-47.241],[13.77,-50.195],[12.305,-54.199],[10.84,-58.643],[13.281,-62.988],[19.971,-64.99],[28.052,-61.328],[31.348,-51.465],[30.469,-45.483],[26.66,-37.012],[21.704,-25.806],[20.166,-15.625],[22.168,-15.625]],"c":true},"ix":2},"nm":"?","mn":"ADBE Vector Shape - Group","hd":false},{"ind":1,"ty":"sh","ix":2,"ks":{"a":0,"k":{"i":[[1.057,-1.057],[0,-1.53],[-1.058,-1.057],[-1.498,0],[-1.074,1.057],[0,1.498],[1.057,1.058],[1.53,0]],"o":[[-1.058,1.058],[0,1.498],[1.057,1.057],[1.497,0],[1.074,-1.057],[0,-1.53],[-1.058,-1.057],[-1.498,0]],"v":[[17.651,-7.983],[16.064,-4.102],[17.651,-0.269],[21.484,1.318],[25.342,-0.269],[26.953,-4.102],[25.366,-7.983],[21.484,-9.57]],"c":true},"ix":2},"nm":"?","mn":"ADBE Vector Shape - Group","hd":false}],"nm":"?","np":5,"cix":2,"bm":0,"ix":1,"mn":"ADBE Vector Group","hd":false}]},"fFamily":"Söhne Test"},{"ch":"O","size":25,"style":"Leicht","w":72.91,"data":{"shapes":[{"ty":"gr","it":[{"ind":0,"ty":"sh","ix":1,"ks":{"a":0,"k":{"i":[[6.217,-5.762],[0,-10.514],[-6.201,-6.477],[-9.115,0],[-6.348,6.641],[0,10.059],[6.299,6.527],[8.594,0]],"o":[[-7.162,6.641],[0,10.287],[6.201,6.478],[9.016,0],[6.348,-6.641],[0,-9.766],[-6.299,-6.526],[-8.659,0]],"v":[[14.258,-59.082],[3.516,-33.35],[12.817,-8.203],[35.791,1.514],[58.838,-8.447],[68.359,-33.496],[58.911,-57.935],[36.572,-67.725]],"c":true},"ix":2},"nm":"O","mn":"ADBE Vector Shape - Group","hd":false},{"ind":1,"ty":"sh","ix":2,"ks":{"a":0,"k":{"i":[[-3.581,-4.427],[0,-11.328],[4.053,-4.85],[6.217,0],[3.548,4.427],[0,10.808],[-4.46,5.469],[-5.925,0]],"o":[[4.459,5.566],[0,10.449],[-4.053,4.851],[-5.827,0],[-4.623,-5.827],[0,-10.547],[3.58,-4.395],[6.315,0]],"v":[[50.488,-57.52],[57.178,-32.178],[51.099,-9.229],[35.693,-1.953],[21.631,-8.594],[14.697,-33.545],[21.387,-57.568],[35.645,-64.16]],"c":true},"ix":2},"nm":"O","mn":"ADBE Vector Shape - Group","hd":false}],"nm":"O","np":5,"cix":2,"bm":0,"ix":1,"mn":"ADBE Vector Group","hd":false}]},"fFamily":"Söhne Test"}]}